arm,item_id,context_recall,context_precision,answer_relevance,faithfulness,factual_correctness,evidence_retrieved_at_5,refusal_detected,latency_s,input_tokens,generation_cost_usd,context_chars
A0,2f37a8b7-c504-4767-870c-83334f8a6076,1.0,0.7499999999625,0.8494720074685163,0.9166666666666666,0.0,False,False,11.94648551940918,2861,0.007473,4998
A0,6368e843-2814-4e03-908a-aa1510199361,1.0,0.5833333333041666,0.9324533891901103,0.8888888888888888,0.0,True,False,9.427855014801025,2988,0.0065216,4998
A0,35c6c84c-8f19-45af-96ef-9d5238c1991a,1.0,0.9999999999,0.9645039168434583,0.6666666666666666,0.5,,False,8.615582704544067,2863,0.00564305,4997
A0,134d2822-a8d4-4a83-ba81-c5461d009e0e,0.2,0.0,0.0,0.6,0.0,False,True,14.112366199493408,2887,0.00682005,4999
A0,61b01463-74fd-446c-8757-c700dbfb480c,1.0,0.49999999995,0.8590047447570126,0.7777777777777778,0.17,False,False,12.500568151473999,2965,0.0073567,4998
A0,407143ef-4bf1-45ef-a76d-f565592c973b,0.0,0.0,0.0,0.8333333333333334,0.0,False,True,9.122003555297852,2950,0.00502395,5000
A0,12cc0bbc-565c-4a83-86b9-b28ed3a323d0,0.0,0.0,0.0,0.3333333333333333,0.0,False,True,7.793701887130737,3391,0.0049882,4998
A0,d4b6a331-52ba-4d46-97e4-9c2209f23766,1.0,0.49999999995,0.827771888384926,0.8571428571428571,0.6,True,False,7.783923864364624,2947,0.00542585,4998
A0,9cd81ff8-ae29-4aa2-8eba-0f50c134188c,1.0,0.9999999999,0.756303704911817,0.8571428571428571,0.5,True,False,8.904950618743896,3285,0.006442550000000001,5000
A0,ae96dd5d-fab2-4328-b346-7a07dff3abfd,1.0,0.19999999998,0.9201612515302625,0.8571428571428571,0.4,False,False,12.918097496032715,3299,0.00866985,5000
A0,f6f13ba8-8b0f-4809-be37-06f7ba582e27,1.0,0.9999999999,0.9343833640742925,0.8888888888888888,0.0,False,False,10.324965715408325,2895,0.006493199999999999,4997
A0,c7ce785d-4ffa-4ca6-a9ac-b7904e9e471f,1.0,0.9999999999,0.9317040956517775,0.8333333333333334,0.0,True,False,7.560340404510498,2842,0.00538015,4998
A0,9d62258a-ff3a-48c0-be11-0f89fb4086d7,1.0,0.19999999998,0.903435505098132,0.9375,0.82,False,False,11.166351795196533,2878,0.006515399999999999,4998
A0,106dddc7-a09d-43a2-93dc-1bafaf510e68,0.6666666666666666,0.9999999999,0.902242524267147,0.875,0.62,False,False,9.836468696594238,3050,0.00616335,4999
A0,c6b779de-ecf3-4ba5-b03a-5d82b0392285,1.0,0.9999999999,0.9579519203759995,0.875,0.0,False,False,8.501246452331543,3031,0.00673715,4999
A0,da9c57ce-7b06-4c04-b44f-99cfd7577b0c,0.2,0.0,0.858968318302375,0.8571428571428571,0.0,False,True,12.622925996780396,3237,0.00538585,4994
A0,d2efec11-7a38-49e4-8018-f96bc92a1a75,1.0,0.9999999999,0.7867727402110372,1.0,0.67,True,False,7.501927614212036,3191,0.00522745,4993
A0,6390597c-cb4b-48e7-b5f1-d342c043cd05,1.0,0.9999999999,0.9898524112016034,0.8333333333333334,0.5,True,False,7.2738142013549805,2795,0.0050163000000000004,4998
A0,11f1bcb8-432b-47b8-9692-7590586e72d6,1.0,0.32499999998375,0.9370790541681057,0.8333333333333334,0.0,False,False,9.222086429595947,2870,0.0052597,4998
A0,85a65d37-b7a1-4bee-b985-eacd5a8b9e7c,1.0,0.9999999999,0.8448897896999451,0.9,0.84,True,False,7.533860921859741,2993,0.0049163,4997
A0,ed333d45-0cfb-4287-9815-96e4d9fb5961,1.0,0.8666666666377778,0.8579681047704384,0.8,0.57,True,False,8.08655071258545,2863,0.0051857000000000006,4999
A0,bfb18cd1-3456-4cbd-ac7b-2b5ffb5314b7,0.0,0.0,0.0,0.0,0.0,False,True,8.515926122665405,3027,0.00442145,4999
A0,97aa5705-f3ac-462d-badc-9769a8ace675,1.0,0.9999999999,0.866731007321082,0.75,0.67,True,False,7.358157157897949,3094,0.0049922,4998
A0,9219fad6-a1a9-4bea-a1c3-aab1b26bf9d1,1.0,0.49999999995,0.9403879262305129,0.75,0.57,True,False,10.694717168807983,3094,0.0060069,4999
A0,b1e91bd5-9834-4f01-8bdc-4a544dd3f3f4,1.0,0.49999999995,0.9027101407401873,0.8,0.75,False,False,11.443773031234741,2915,0.0051472,4999
A0,5b4672b8-3cdc-4d1b-977e-58f4e92ba4cb,1.0,0.49999999995,0.8391803989699703,0.875,0.62,False,False,10.27791428565979,2968,0.005681049999999999,5000
A0,97de5509-6bfe-4fe4-9158-46543f093add,0.8333333333333334,0.0,0.7588838633084225,0.8888888888888888,0.0,False,False,16.140239000320435,2940,0.00794135,5000
A0,a20f039e-0194-4240-a688-a7e62d3550a6,1.0,0.49999999995,0.803924185521462,0.6666666666666666,0.8,True,False,6.758779525756836,2889,0.0043072,4999
A0,e474aee8-cb34-4f04-903c-1ba4a7b50db0,1.0,0.9999999999,0.7849654668401908,0.7142857142857143,0.73,True,False,14.131801843643188,2944,0.006259799999999999,5000
A0,ff20610a-4945-4c3f-8dd8-e583b0c283af,0.5,0.9999999999,0.8251406799877519,0.875,0.18,False,False,13.291744947433472,3167,0.006738600000000001,4995
A0,4f35baa4-b609-4e83-9347-1b2526d08f24,0.0,0.9999999999,0.8543886130960183,0.9166666666666666,0.22,False,False,12.15277099609375,3258,0.008413,4993
A0,851e78c3-a993-42bc-b1d4-d4085d5547df,0.5,0.8333333332916666,0.8344265318746815,0.8333333333333334,0.36,True,False,7.932178020477295,3229,0.005683049999999999,4994
A0,32d84f2c-49f2-4fdd-a96d-655161430b4c,1.0,0.9999999999,0.9291554484432929,1.0,0.75,False,False,6.579077959060669,3154,0.0051433,4360
A0,5ae54223-038c-4c4d-bf57-3e86bb704227,1.0,0.249999999975,0.9537125942887587,1.0,0.67,False,False,6.786885976791382,3220,0.0051244,4999
A0,d98358d4-6a1b-464b-8b89-7ec6260cff23,0.5,0.9999999999,0.9605907600995665,0.8,0.0,True,False,6.907975435256958,3220,0.00569985,4959
A0,06b30361-1bfa-407e-9b78-9690745b9d1f,0.0,0.0,0.0,0.8,0.25,False,True,8.025988101959229,3189,0.0049721999999999995,4960
A0,69567c46-cb0c-4ab7-a378-be5f1980cf7e,0.0,0.0,0.0,0.5,0.29,False,True,5.5339155197143555,2883,0.0041914,4997
A0,bb4ccac4-31c9-4518-b6a3-efbe81ce200f,0.0,0.0,0.0,0.8,0.0,False,True,6.38707971572876,3040,0.0047067,4999
A0,ceaceaf9-0dd2-4355-bf9b-5c9aa7812b27,0.0,0.49999999995,0.883986862384386,0.8571428571428571,0.25,True,False,9.557429790496826,2893,0.0056759,4998
A0,9e71f246-0928-4712-a5b2-df72ea1557c3,1.0,0.9999999999,0.9198719031400563,0.9,0.5,True,False,8.806972980499268,2852,0.004979750000000001,5000
A0,66ce07d6-7817-4e68-bace-49d30456e6aa,0.0,0.9999999999,0.8477604160164246,0.8333333333333334,0.75,True,False,8.597907304763794,2961,0.00544855,5000
A0,6bb8222a-7301-4800-8d89-fc7cb9abb5c1,0.5,0.99999999995,0.9108073251706568,0.8571428571428571,0.6,True,False,10.701277017593384,2772,0.005462,4998
A0,4471ef9d-bb0b-48d2-b99a-95a6573a07a8,0.5,0.99999999995,0.9698362964276044,0.9090909090909091,0.46,True,False,9.423733234405518,2876,0.00563345,4999
A0,ad82ab23-b1ac-4f66-b25f-7ff19a55cade,0.5,0.5833333333041666,0.8082910469052689,1.0,0.25,True,False,9.172998905181885,2904,0.005265199999999999,4999
A0,c2a91850-e365-4d72-bb66-09723b02d41a,0.0,0.0,0.8417132820545388,0.9285714285714286,0.0,False,False,13.818583488464355,2725,0.00637735,5000
A0,6f852288-75d9-4bd9-bc1e-ecec03d093b3,1.0,0.9999999999,0.8942748034512745,0.8,0.67,True,False,9.424074172973633,2867,0.005283599999999999,4997
A0,9bed8837-0e48-4ced-aeb7-2d9ee80090eb,0.0,0.0,0.9390196482286575,0.8333333333333334,0.0,False,False,13.47270917892456,2911,0.0061254000000000005,4997
A0,751fcb88-83db-4e2a-b41d-b4a4f634293a,1.0,0.6388888888675925,0.9569361512647043,0.8888888888888888,0.77,False,False,12.717106103897095,2828,0.0079317,4998
A0,fbbaab7c-0d8e-4acb-999d-79b499067536,1.0,0.6791666666496875,0.8964500902334022,0.875,0.0,True,False,10.448594093322754,2921,0.00792415,4999
A0,9bf88c97-a8ce-47ff-b7cc-aaa5c65b9f4a,0.3333333333333333,0.9999999999,0.9333359018171726,0.8,0.0,True,False,6.488417863845825,3049,0.00504355,4998
A0,54d41af2-e6f2-4f23-8f4a-aec37e0ca252,1.0,0.99999999995,0.9786053635977567,1.0,0.67,True,False,9.596314191818237,2941,0.0059536,4996
A0,5e5c3604-57f0-44be-9dea-94c46df4ec8e,0.0,0.9999999999,0.9074399059545231,0.9,0.67,True,False,5.9619317054748535,2973,0.0045949,4997
A0,8856078f-597b-44df-b505-12fecdf50e41,0.0,0.49999999995,0.9805686221041218,0.9411764705882353,0.22,False,False,14.940600395202637,2926,0.007624199999999999,4998
A0,9aa10b67-6db5-4580-93e8-824c54d6566d,1.0,0.99999999995,0.9501048776106756,0.8571428571428571,0.44,True,False,9.315934896469116,2916,0.00550795,5000
A0,14485ad2-d182-46ad-a032-4f8325a5f6d5,1.0,0.49999999995,0.972784422250338,0.8571428571428571,0.73,True,False,11.975828886032104,3232,0.0068908500000000004,4998
A0,57e7d74e-9e36-41e9-b690-75aae6f7d31d,1.0,0.9999999999,0.9502061429154035,0.8,0.57,False,False,10.488646984100342,3230,0.0058574000000000005,5000
A0,d0c20bbf-4ee5-476e-a4d4-9f853574edfc,0.0,0.49999999995,0.9687863808930104,0.8,0.25,False,False,12.100006580352783,3235,0.006499500000000001,5000
A0,ec346d29-a2dc-40ec-8ffb-9c788a4e4a4a,1.0,0.499999999975,0.9588508965245541,0.75,0.4,True,False,9.089414596557617,3256,0.0054583999999999995,4999
A0,f4396fc3-0a8c-450e-8362-d058fe3d0e64,1.0,0.7499999999625,0.830052382711129,0.6666666666666666,0.0,False,False,8.651746988296509,2972,0.0052824,4998
A0,0a7c9388-b6c8-4b03-af53-efddf156d982,1.0,0.49999999995,0.862676679494887,1.0,0.0,False,False,8.200684547424316,2845,0.00527235,4999
A0,668fedec-94e4-416c-8950-80bb1ddce0d6,0.0,0.0,0.8489649603103402,0.9,0.18,False,False,10.913938760757446,2785,0.0057829,4998
A0,008d1f5e-b60f-4bbf-b4af-cfe17348818f,0.0,0.0,0.9044278024511534,0.875,0.0,False,False,12.244860649108887,2680,0.005737549999999999,5000
A0,562b4f9f-dcc7-443f-ad0a-035e3ecd82ee,0.3333333333333333,0.0,0.7893509175467629,0.8333333333333334,0.0,False,False,12.022721290588379,2956,0.00575905,5000
A0,9bc24ee8-8d5b-4ac0-9565-28a4bd231bee,0.7,0.3333333333,0.9132887026760802,0.9285714285714286,0.0,False,False,15.645314693450928,3268,0.00654465,5000
A0,7ddeded7-3f51-4c22-a200-e2c33515349b,1.0,0.5888888888692593,0.765689422264579,0.8571428571428571,0.6,True,False,7.819330215454102,3207,0.00563835,5000
A0,d9342bc4-9e4d-422b-a60c-c0089237a458,0.0,0.0,0.0,0.75,0.0,False,True,7.864766836166382,2806,0.004420250000000001,4999
A0,5b80a317-7912-4780-9a94-e319e95fcf66,1.0,0.3333333333,0.8738162168186144,0.875,0.86,True,False,7.961345911026001,2733,0.0050799,4999
A0,f43e812e-ddf3-41a5-a975-c1e15f46b8dd,1.0,0.9999999999,0.8613726889894223,0.8571428571428571,0.25,True,False,9.513113737106323,2754,0.00548875,5000
A0,d5cfdfc2-3c7d-424d-a924-420bb1de6852,1.0,0.499999999975,0.9497511658538409,1.0,0.89,False,False,7.629962682723999,2783,0.0043519,5000
A0,16ebc019-58e6-4227-ad65-80475d20eb41,0.8571428571428571,0.249999999975,0.8998118659509889,0.9090909090909091,0.78,True,True,9.929225206375122,2911,0.00641785,4999
A0,7dc878fb-b988-4906-957c-cd6bb2026b54,1.0,0.7555555555303703,0.8647805846782054,1.0,0.86,False,False,8.243351936340332,2838,0.004361599999999999,4998
A0,41ddf622-edd5-4c9b-bf06-1d8b97d5f15a,0.0,0.0,0.0,0.5,0.0,False,True,8.098812103271484,3054,0.004448649999999999,4999
A0,40cc1cd3-1ff1-4f80-be81-b6f64f0f4c43,1.0,0.3333333333,0.6872601846570666,0.4,0.33,True,False,6.848926305770874,3034,0.00515515,4999
A0,04e31836-1961-477c-9263-d3438806a6e0,0.0,0.0,0.9009064360160094,0.8,0.0,False,False,11.412810564041138,2817,0.0058227,4999
A0,16a22171-31b1-46ee-864d-e45cd424d70c,0.3333333333333333,0.0,0.0,0.8333333333333334,0.33,False,True,11.1900155544281,2892,0.0052559,4339
A0,c1e363c7-8d8c-49a3-905c-b558ac4833ce,1.0,0.3333333333,0.8851618134456929,0.8,0.89,True,False,6.68164849281311,2713,0.00418295,5000
A0,874d36fe-1ecb-4d2d-8bc1-bbffafb1f977,1.0,0.49999999995,0.9743906932957983,0.8571428571428571,0.73,True,False,7.758041620254517,2961,0.0049511,4997
A0,7ae1a685-d3a9-4c0a-819e-839ae61fd093,1.0,0.3333333333,0.9623258632145246,0.9,0.89,True,False,6.431530714035034,2996,0.0050196,4999
A0,83a8cae4-6b9f-4b10-bb7e-88289390bcab,1.0,0.19999999998,0.9471979627486922,0.625,0.0,True,False,11.03434443473816,2876,0.006816249999999999,4998
A0,5eed51cd-55da-4aac-b77a-44e50a6018a4,1.0,0.99999999995,0.8761671615458054,0.875,0.29,True,False,6.613115549087524,3303,0.0054183,4998
A0,1eb360e6-cbe4-4de4-b419-b01ac50325a0,0.5,0.0,0.0,0.75,0.17,False,True,9.278460264205933,3269,0.005332150000000001,4998
A0,ba6113f3-d0b8-4192-a17a-d1e69283db08,1.0,0.9999999999,0.8835284356268701,0.8571428571428571,0.62,,False,10.24225926399231,3021,0.00665575,4997
A0,f267bb84-ee5d-4e07-97c1-87d9967f9a20,1.0,0.9999999999,0.8823463904499281,0.9230769230769231,0.84,,False,9.077935457229614,3246,0.00644115,4998
A0,3fcb7a72-4ae1-4ed3-9114-ad5aa99a4d87,1.0,0.8333333332916666,0.8582291159827963,0.8571428571428571,0.71,,False,39.71132946014404,2910,0.0063097,5000
A0,c8d473e3-ed87-4105-bc51-c19a9457ccd1,1.0,0.9999999999,0.8932453498692774,0.8333333333333334,0.73,True,False,8.9769606590271,3186,0.005831599999999999,4998
A0,138ea29e-52d8-4844-9a16-a577fef42606,0.8,0.9999999999,0.9526002509708539,0.9230769230769231,0.8,False,False,10.935145378112793,2921,0.006615300000000001,4999
A0,fa999f46-f122-424f-b1d0-1ad284ef03f5,1.0,0.9999999999,0.8844997399374038,0.875,0.57,False,False,7.830604553222656,3025,0.0050662500000000004,4998
A0,04e9ba53-8f3e-4445-84b1-22cf37824f95,1.0,0.99999999995,0.8286783598977957,1.0,0.0,True,False,7.65278959274292,3025,0.00492785,4999
A0,c9742d52-344f-4363-b151-e981bb5d81f1,1.0,0.499999999975,0.9622218343229473,0.8888888888888888,0.6,True,False,11.420490980148315,3049,0.0071185499999999995,4998
A0,3397ae7a-cad6-4331-b744-968656e3a8f7,1.0,0.9999999999,0.8260393647216736,0.9375,0.0,False,False,8.895625352859497,3071,0.005742000000000001,5000
A0,146dcb12-96c7-404d-b90a-e04073bd25dd,1.0,0.49999999995,0.9599108271114096,0.8888888888888888,0.55,False,False,15.879273891448975,2854,0.009437899999999999,4816
A0,70ca5178-6463-4fc4-8919-ff68db5676af,0.0,0.0,0.9131019753704829,0.7142857142857143,0.0,False,False,13.819821834564209,2684,0.006098650000000001,4996
A0,01948953-7d5b-4e53-9e6b-f7ef6b8630dc,1.0,0.49999999995,0.8749871877819433,0.9166666666666666,0.0,False,False,12.889099836349487,2966,0.0064697,4998
A0,ae780d4a-85bd-41ae-8a75-ce9bff08a2fc,1.0,0.9166666666361111,0.8838701872595797,1.0,0.4,False,False,8.689460515975952,3005,0.00584195,4998
A0,03608046-2bc3-4e78-8658-927b9937b474,1.0,0.7499999999625,0.8960281840600842,0.8571428571428571,0.0,True,False,12.820419073104858,2881,0.00782375,4997
A0,87fb88a5-8638-497e-9ecb-6a1a2f18fc92,1.0,0.7499999999625,0.840022369077295,0.8333333333333334,0.29,True,False,11.194548606872559,3043,0.00702295,4998
A0,cc801098-eeb8-44fa-9191-7ee21cb9db6e,1.0,0.6999999999766667,0.9500408556289606,0.8333333333333334,0.33,True,False,12.584462642669678,3058,0.00650745,4999
A0x,2f37a8b7-c504-4767-870c-83334f8a6076,0.3333333333333333,0.19999999998,0.8941783088820283,0.7272727272727273,0.44,False,False,16.193273067474365,2951,0.0083355,4999
A0x,6368e843-2814-4e03-908a-aa1510199361,1.0,0.9166666666361111,0.8328430162229143,0.9,0.22,True,False,9.141497135162354,2982,0.0064451,4998
A0x,35c6c84c-8f19-45af-96ef-9d5238c1991a,1.0,0.99999999995,0.9149396898197143,0.8571428571428571,0.33,,False,10.59908151626587,2858,0.00574805,4998
A0x,134d2822-a8d4-4a83-ba81-c5461d009e0e,0.8,0.9999999999,0.8955757642533687,0.8333333333333334,0.22,False,False,10.835895299911499,2875,0.00636705,4999
A0x,61b01463-74fd-446c-8757-c700dbfb480c,1.0,0.49999999995,0.8409291774458965,0.75,0.57,False,False,13.37439751625061,2934,0.007595200000000001,4998
A0x,407143ef-4bf1-45ef-a76d-f565592c973b,1.0,0.9999999999,0.9044832704492601,0.8333333333333334,0.5,True,False,7.9393696784973145,2863,0.00502845,4999
A0x,12cc0bbc-565c-4a83-86b9-b28ed3a323d0,0.0,0.0,0.0,0.2857142857142857,0.0,False,True,9.584717512130737,2908,0.004758699999999999,4999
A0x,d4b6a331-52ba-4d46-97e4-9c2209f23766,1.0,0.49999999995,0.9454349180415532,0.875,0.29,True,False,9.111371278762817,2853,0.005194849999999999,4999
A0x,9cd81ff8-ae29-4aa2-8eba-0f50c134188c,1.0,0.249999999975,0.8595836941812032,1.0,0.5,True,False,8.707110404968262,2854,0.00538355,4997
A0x,ae96dd5d-fab2-4328-b346-7a07dff3abfd,0.6666666666666666,0.499999999975,0.8338667600330596,0.9411764705882353,0.44,False,False,18.980172872543335,2874,0.00941235,5000
A0x,f6f13ba8-8b0f-4809-be37-06f7ba582e27,1.0,0.9999999999,0.9310893934079839,0.8888888888888888,0.46,False,False,11.70745038986206,2895,0.006688199999999999,4997
A0x,c7ce785d-4ffa-4ca6-a9ac-b7904e9e471f,1.0,0.9999999999,0.9317040956517775,0.8333333333333334,0.67,True,False,8.61607575416565,2842,0.00493015,4998
A0x,9d62258a-ff3a-48c0-be11-0f89fb4086d7,1.0,0.19999999998,0.8979153417128308,0.8888888888888888,0.0,False,False,10.804063081741333,2878,0.007002899999999999,4998
A0x,106dddc7-a09d-43a2-93dc-1bafaf510e68,0.6666666666666666,0.9999999999,0.9269692735133187,0.8571428571428571,0.25,False,False,11.718432188034058,3050,0.00604335,4999
A0x,c6b779de-ecf3-4ba5-b03a-5d82b0392285,1.0,0.9999999999,0.914438671492629,0.8888888888888888,0.71,False,False,10.025920629501343,3031,0.0067446500000000005,4999
A0x,da9c57ce-7b06-4c04-b44f-99cfd7577b0c,0.2,0.0,0.7146147337739785,0.8,0.22,False,False,9.571766138076782,3237,0.00519085,4994
A0x,d2efec11-7a38-49e4-8018-f96bc92a1a75,1.0,0.9999999999,0.7867727402110372,1.0,0.75,True,False,7.820300579071045,3191,0.005324949999999999,4993
A0x,6390597c-cb4b-48e7-b5f1-d342c043cd05,1.0,0.9999999999,0.9898524112016034,0.75,0.6,True,False,8.15482234954834,2795,0.0050838,4998
A0x,11f1bcb8-432b-47b8-9692-7590586e72d6,0.0,0.0,0.0,0.5,0.0,False,True,10.262381315231323,2854,0.004875699999999999,5000
A0x,85a65d37-b7a1-4bee-b985-eacd5a8b9e7c,1.0,0.49999999995,0.9550418560933028,0.9,0.89,True,False,7.01468825340271,3059,0.0051653,4998
A0x,ed333d45-0cfb-4287-9815-96e4d9fb5961,1.0,0.8666666666377778,0.919742027982924,0.8,0.33,True,False,8.152114868164062,2863,0.0056657,4999
A0x,bfb18cd1-3456-4cbd-ac7b-2b5ffb5314b7,0.5,0.249999999975,0.9700627643382175,0.8333333333333334,0.73,True,False,8.814621925354004,2905,0.0054534499999999994,5000
A0x,97aa5705-f3ac-462d-badc-9769a8ace675,1.0,0.99999999995,0.866731007321082,0.75,0.0,True,False,6.785856246948242,3038,0.0049382,4998
A0x,9219fad6-a1a9-4bea-a1c3-aab1b26bf9d1,1.0,0.49999999995,0.9403879262305129,0.9230769230769231,0.31,True,False,12.71463656425476,3094,0.0082044,4999
A0x,b1e91bd5-9834-4f01-8bdc-4a544dd3f3f4,1.0,0.49999999995,0.9069227291677128,0.8,0.75,False,False,10.705027103424072,2915,0.0051172,4999
A0x,5b4672b8-3cdc-4d1b-977e-58f4e92ba4cb,1.0,0.49999999995,0.8850725116212431,0.875,0.67,False,False,11.565004825592041,3005,0.00563155,5000
A0x,97de5509-6bfe-4fe4-9158-46543f093add,0.8333333333333334,0.0,0.6984719764893458,0.8571428571428571,0.4,False,False,12.85080361366272,2940,0.0063063500000000005,5000
A0x,a20f039e-0194-4240-a688-a7e62d3550a6,1.0,0.9999999999,0.9786838350820912,1.0,0.8,True,False,9.517333030700684,2889,0.0046447,4999
A0x,e474aee8-cb34-4f04-903c-1ba4a7b50db0,1.0,0.9999999999,0.8108196191929123,0.7142857142857143,0.8,True,False,10.96246337890625,2944,0.0062147999999999995,5000
A0x,ff20610a-4945-4c3f-8dd8-e583b0c283af,0.5,0.9999999999,0.7266341121138704,0.8333333333333334,0.31,False,False,11.955375909805298,3167,0.006948600000000001,4995
A0x,4f35baa4-b609-4e83-9347-1b2526d08f24,0.5,0.9999999999,0.769318440851552,0.9166666666666666,0.35,False,False,10.815378665924072,3258,0.0071605,4993
A0x,851e78c3-a993-42bc-b1d4-d4085d5547df,0.5,0.8333333332916666,0.8436197528621158,0.75,0.44,True,False,5.962212324142456,3229,0.00479805,4994
A0x,32d84f2c-49f2-4fdd-a96d-655161430b4c,1.0,0.49999999995,0.8782143669282648,1.0,0.86,False,False,6.9324212074279785,3154,0.0049108,4360
A0x,5ae54223-038c-4c4d-bf57-3e86bb704227,1.0,0.249999999975,0.9583807205977164,1.0,0.8,False,False,7.770900011062622,3220,0.0051919,4999
A0x,d98358d4-6a1b-464b-8b89-7ec6260cff23,0.5,0.9999999999,0.9605907600995665,0.8,0.0,True,False,8.137390851974487,3220,0.00557985,4959
A0x,06b30361-1bfa-407e-9b78-9690745b9d1f,0.0,0.0,0.0,0.5,0.0,False,True,7.565927743911743,3126,0.0043227,4960
A0x,69567c46-cb0c-4ab7-a378-be5f1980cf7e,0.5,0.19999999998,0.9414100684736847,0.6666666666666666,0.57,False,False,7.950744867324829,3034,0.004980399999999999,4998
A0x,bb4ccac4-31c9-4518-b6a3-efbe81ce200f,0.0,0.0,0.0,0.6,0.22,False,True,7.873591423034668,3084,0.0050952,4999
A0x,ceaceaf9-0dd2-4355-bf9b-5c9aa7812b27,0.0,0.49999999995,0.8805344281174873,0.8571428571428571,0.25,True,False,8.917206287384033,2893,0.0055259,4998
A0x,9e71f246-0928-4712-a5b2-df72ea1557c3,1.0,0.9999999999,0.8891795654754349,0.8,0.0,True,False,8.675050497055054,2852,0.005024750000000001,5000
A0x,66ce07d6-7817-4e68-bace-49d30456e6aa,0.0,0.9999999999,0.8566570100445101,0.8571428571428571,0.29,True,False,9.898396253585815,2961,0.00553855,5000
A0x,6bb8222a-7301-4800-8d89-fc7cb9abb5c1,1.0,0.99999999995,0.9617218313504352,0.8,0.0,True,False,9.469573020935059,2777,0.005702,4999
A0x,4471ef9d-bb0b-48d2-b99a-95a6573a07a8,0.5,0.99999999995,0.929842011819331,0.8888888888888888,0.0,True,False,13.416469097137451,2858,0.006828949999999999,4998
A0x,ad82ab23-b1ac-4f66-b25f-7ff19a55cade,0.5,0.5833333333041666,0.8070839530212316,0.8571428571428571,0.5,True,False,7.603341817855835,2904,0.005160199999999999,4999
A0x,c2a91850-e365-4d72-bb66-09723b02d41a,0.0,0.0,0.8345085817953779,0.8888888888888888,0.0,False,False,12.318619966506958,2796,0.0063263500000000005,4999
A0x,6f852288-75d9-4bd9-bc1e-ecec03d093b3,1.0,0.9999999999,0.8544863086176012,0.9,0.33,True,False,11.485694408416748,2894,0.0069441,4998
A0x,9bed8837-0e48-4ced-aeb7-2d9ee80090eb,1.0,0.49999999995,0.943246252552316,0.8571428571428571,0.0,True,False,10.498505353927612,2933,0.0060159,4996
A0x,751fcb88-83db-4e2a-b41d-b4a4f634293a,1.0,0.6388888888675925,0.9489107227048109,0.9,0.8,False,False,12.520007610321045,2828,0.0069717,4998
A0x,fbbaab7c-0d8e-4acb-999d-79b499067536,1.0,0.6791666666496875,0.923510751421594,0.875,0.17,True,False,11.461302042007446,2921,0.00725665,4999
A0x,9bf88c97-a8ce-47ff-b7cc-aaa5c65b9f4a,0.3333333333333333,0.9999999999,0.8489049413515841,0.75,0.22,True,False,6.796366214752197,3049,0.0047960500000000005,4998
A0x,54d41af2-e6f2-4f23-8f4a-aec37e0ca252,1.0,0.8666666666377778,0.9605919780977722,1.0,0.67,True,False,9.334017992019653,2941,0.0055411,4997
A0x,5e5c3604-57f0-44be-9dea-94c46df4ec8e,0.0,0.9999999999,0.866859675083514,0.9,0.67,True,False,6.779186725616455,2973,0.004587399999999999,4997
A0x,8856078f-597b-44df-b505-12fecdf50e41,0.0,0.49999999995,0.9714790107110028,0.9285714285714286,0.83,False,False,11.305983781814575,2926,0.007414199999999999,4998
A0x,9aa10b67-6db5-4580-93e8-824c54d6566d,1.0,0.99999999995,0.9395274821732703,0.6666666666666666,0.29,True,False,7.656358957290649,2916,0.00581545,5000
A0x,14485ad2-d182-46ad-a032-4f8325a5f6d5,1.0,0.49999999995,0.9450986571569913,0.8333333333333334,0.8,True,False,13.110614776611328,3232,0.00681585,4998
A0x,57e7d74e-9e36-41e9-b690-75aae6f7d31d,1.0,0.9999999999,0.9572276174708771,0.75,0.86,False,False,16.000661611557007,3230,0.0049274,5000
A0x,d0c20bbf-4ee5-476e-a4d4-9f853574edfc,0.0,0.49999999995,0.9438095071427838,0.8,0.22,False,False,13.62051796913147,3235,0.006507,5000
A0x,ec346d29-a2dc-40ec-8ffb-9c788a4e4a4a,1.0,0.499999999975,0.9588508965245541,0.8333333333333334,0.57,True,False,10.521018505096436,3256,0.006148399999999999,4999
A0x,f4396fc3-0a8c-450e-8362-d058fe3d0e64,1.0,0.9999999999,0.8225328757938006,0.6,0.0,False,False,8.693278551101685,2945,0.0052269000000000005,4998
A0x,0a7c9388-b6c8-4b03-af53-efddf156d982,1.0,0.49999999995,0.9132676912120881,1.0,0.5,False,False,8.128618478775024,2819,0.00479835,4999
A0x,668fedec-94e4-416c-8950-80bb1ddce0d6,0.0,0.0,0.9048428693334892,0.8333333333333334,0.22,False,False,9.770251274108887,2785,0.005610399999999999,4997
A0x,008d1f5e-b60f-4bbf-b4af-cfe17348818f,0.0,0.0,0.8217654426354052,0.8571428571428571,0.0,False,False,8.721869945526123,2680,0.00528755,5000
A0x,562b4f9f-dcc7-443f-ad0a-035e3ecd82ee,1.0,0.49999999995,0.8955596405149895,0.8333333333333334,0.8,False,False,8.882880210876465,2941,0.00572155,5000
A0x,9bc24ee8-8d5b-4ac0-9565-28a4bd231bee,0.0,0.0,0.0,0.0,0.0,False,True,7.785917043685913,3178,0.00460215,5000
A0x,7ddeded7-3f51-4c22-a200-e2c33515349b,1.0,0.7555555555303703,0.8693672977608317,0.9090909090909091,0.33,True,False,7.209428548812866,3207,0.00542835,5000
A0x,d9342bc4-9e4d-422b-a60c-c0089237a458,0.0,0.0,0.0,0.75,0.0,False,True,8.978135824203491,2806,0.00466025,4999
A0x,5b80a317-7912-4780-9a94-e319e95fcf66,1.0,0.3333333333,0.8738162168186144,0.9090909090909091,0.67,True,False,8.245319843292236,2733,0.004892400000000001,4999
A0x,f43e812e-ddf3-41a5-a975-c1e15f46b8dd,1.0,0.9999999999,0.8613726889894223,0.8571428571428571,0.29,True,False,7.685037851333618,2754,0.00541375,5000
A0x,d5cfdfc2-3c7d-424d-a924-420bb1de6852,1.0,0.499999999975,0.9474524521545411,0.8333333333333334,0.67,False,False,6.787009954452515,2783,0.0045919,5000
A0x,16ebc019-58e6-4227-ad65-80475d20eb41,0.8571428571428571,0.249999999975,0.8998118659509889,0.9166666666666666,0.53,True,True,10.095398902893066,2911,0.00650035,4999
A0x,7dc878fb-b988-4906-957c-cd6bb2026b54,1.0,0.5888888888692593,0.9629202260296947,0.8333333333333334,0.75,False,False,9.983110904693604,2838,0.004496599999999999,4998
A0x,41ddf622-edd5-4c9b-bf06-1d8b97d5f15a,0.0,0.0,0.0,0.5,0.0,False,True,7.666928291320801,3054,0.0043586499999999995,4999
A0x,40cc1cd3-1ff1-4f80-be81-b6f64f0f4c43,1.0,0.3333333333,0.9732316694434039,0.6,0.0,True,False,10.376111030578613,3034,0.005402649999999999,4999
A0x,04e31836-1961-477c-9263-d3438806a6e0,0.0,0.0,0.8942211958214671,0.8,0.0,False,False,13.098239421844482,2817,0.0061752000000000005,4999
A0x,16a22171-31b1-46ee-864d-e45cd424d70c,0.6666666666666666,0.19999999998,0.0,0.8571428571428571,0.18,False,True,11.151151418685913,2909,0.0056639,4339
A0x,c1e363c7-8d8c-49a3-905c-b558ac4833ce,1.0,0.3333333333,0.890803562924783,0.8888888888888888,0.57,True,False,7.560927391052246,2713,0.00478295,5000
A0x,874d36fe-1ecb-4d2d-8bc1-bbffafb1f977,1.0,0.49999999995,0.9743906932957983,0.8571428571428571,0.89,True,False,7.210723638534546,2961,0.0045911,4997
A0x,7ae1a685-d3a9-4c0a-819e-839ae61fd093,1.0,0.3333333333,0.9776033325701983,0.9,0.89,True,False,7.374181270599365,2996,0.005042099999999999,4999
A0x,83a8cae4-6b9f-4b10-bb7e-88289390bcab,1.0,0.19999999998,0.9471979627486922,0.75,0.0,True,False,14.547879219055176,2876,0.006666249999999999,4998
A0x,5eed51cd-55da-4aac-b77a-44e50a6018a4,1.0,0.99999999995,0.8761671615458054,0.8,0.75,True,False,7.5950400829315186,3296,0.0057603,4997
A0x,1eb360e6-cbe4-4de4-b419-b01ac50325a0,1.0,0.249999999975,0.9024468410580959,1.0,0.86,True,False,8.529485702514648,3318,0.00665065,4997
A0x,ba6113f3-d0b8-4192-a17a-d1e69283db08,1.0,0.8333333332916666,0.8934181129619139,0.875,0.67,,False,8.305876731872559,3087,0.00559225,4998
A0x,f267bb84-ee5d-4e07-97c1-87d9967f9a20,1.0,0.9999999999,0.8671277638198523,0.9166666666666666,0.84,,False,11.423672676086426,3237,0.007050150000000001,4998
A0x,3fcb7a72-4ae1-4ed3-9114-ad5aa99a4d87,1.0,0.699999999965,0.8733762841883829,0.8888888888888888,0.55,,False,11.43680191040039,2941,0.0070012,4999
A0x,c8d473e3-ed87-4105-bc51-c19a9457ccd1,1.0,0.8333333332916666,0.8908193469466147,0.875,0.6,True,False,10.410428285598755,2889,0.0070361,4998
A0x,138ea29e-52d8-4844-9a16-a577fef42606,0.8,0.9999999999,0.9526002509708539,0.875,0.77,False,False,12.471979856491089,2921,0.0065027999999999996,4999
A0x,fa999f46-f122-424f-b1d0-1ad284ef03f5,1.0,0.9999999999,0.8844997399374038,0.8571428571428571,0.67,False,False,7.45997166633606,3025,0.00487875,4998
A0x,04e9ba53-8f3e-4445-84b1-22cf37824f95,1.0,0.99999999995,0.9606337971240502,0.7142857142857143,0.67,True,False,7.86184024810791,3025,0.0053853500000000006,4999
A0x,c9742d52-344f-4363-b151-e981bb5d81f1,1.0,0.499999999975,0.9599388613102772,0.9090909090909091,0.6,True,False,10.38475489616394,3049,0.00666855,4998
A0x,3397ae7a-cad6-4331-b744-968656e3a8f7,1.0,0.9999999999,0.9156014519235464,0.9375,0.0,False,False,9.986461639404297,3071,0.0056895,5000
A0x,146dcb12-96c7-404d-b90a-e04073bd25dd,1.0,0.49999999995,0.9599108271114096,0.9230769230769231,0.22,False,False,16.945954084396362,2854,0.0085079,4816
A0x,70ca5178-6463-4fc4-8919-ff68db5676af,0.0,0.0,0.9084295480381558,0.9090909090909091,0.0,False,False,16.673466205596924,2684,0.007178650000000001,4996
A0x,01948953-7d5b-4e53-9e6b-f7ef6b8630dc,1.0,0.9999999999,0.8795194569605396,0.9166666666666666,0.91,False,False,13.974668741226196,2966,0.0064322,4998
A0x,ae780d4a-85bd-41ae-8a75-ce9bff08a2fc,1.0,0.9166666666361111,0.8838701872595797,0.8,0.0,False,False,15.480715274810791,3005,0.00626195,4998
A0x,03608046-2bc3-4e78-8658-927b9937b474,1.0,0.499999999975,0.9434753161161491,0.75,0.0,True,False,15.595484256744385,2881,0.006586250000000001,4997
A0x,87fb88a5-8638-497e-9ecb-6a1a2f18fc92,1.0,0.6999999999766667,0.9100618760984311,0.9090909090909091,0.17,True,False,14.151113748550415,2983,0.00664045,4998
A0x,cc801098-eeb8-44fa-9191-7ee21cb9db6e,1.0,0.6999999999766667,0.8820500717136792,0.9,0.0,True,False,13.384391784667969,3058,0.00604995,4999
A1,2f37a8b7-c504-4767-870c-83334f8a6076,0.0,0.0,0.916112784503256,0.6666666666666666,0.33,False,False,37.197235107421875,4682,0.010721999999999997,11634
A1,6368e843-2814-4e03-908a-aa1510199361,0.5,0.9999999999,0.9266672447135553,0.7777777777777778,0.0,False,False,32.506728649139404,3919,0.0087281,9234
A1,35c6c84c-8f19-45af-96ef-9d5238c1991a,0.5,0.0,0.9506299042636268,0.7142857142857143,0.44,,True,32.25622534751892,2379,0.00445955,2752
A1,134d2822-a8d4-4a83-ba81-c5461d009e0e,1.0,0.99999999995,0.8896148011255114,0.8888888888888888,0.5,False,False,32.03472304344177,5014,0.00989055,13627
A1,61b01463-74fd-446c-8757-c700dbfb480c,1.0,0.99999999995,0.9389628080339804,0.5,0.4,True,False,33.052717208862305,3725,0.0077467,9728
A1,407143ef-4bf1-45ef-a76d-f565592c973b,0.5,0.0,0.9036699523574977,0.8571428571428571,0.0,False,False,33.01462006568909,3008,0.00592845,6777
A1,12cc0bbc-565c-4a83-86b9-b28ed3a323d0,0.6666666666666666,0.0,0.0,0.5,0.0,False,True,34.20782399177551,2518,0.0047737,3563
A1,d4b6a331-52ba-4d46-97e4-9c2209f23766,0.5,0.0,0.8758559123591433,0.7142857142857143,0.57,False,False,32.228914976119995,3591,0.006294350000000001,8827
A1,9cd81ff8-ae29-4aa2-8eba-0f50c134188c,0.3333333333333333,0.0,0.8434623035181238,0.7142857142857143,0.46,False,False,33.115490436553955,2460,0.00527255,3464
A1,ae96dd5d-fab2-4328-b346-7a07dff3abfd,0.0,0.0,0.659109897812896,0.9230769230769231,0.0,False,False,24.063681840896606,2660,0.00838635,4247
A1,f6f13ba8-8b0f-4809-be37-06f7ba582e27,0.0,0.0,0.0,0.75,0.17,False,False,32.751124143600464,3314,0.0061917,7349
A1,c7ce785d-4ffa-4ca6-a9ac-b7904e9e471f,0.5,0.0,0.0,0.6,0.0,False,True,31.802008628845215,3126,0.00525115,6704
A1,9d62258a-ff3a-48c0-be11-0f89fb4086d7,0.6666666666666666,0.0,0.91899230247635,0.9375,0.0,False,False,36.551480531692505,2386,0.007172400000000001,2615
A1,106dddc7-a09d-43a2-93dc-1bafaf510e68,0.3333333333333333,0.49999999995,0.8369605852004983,0.875,0.0,False,False,22.655776500701904,2288,0.004802850000000001,1751
A1,c6b779de-ecf3-4ba5-b03a-5d82b0392285,0.5,0.0,0.0,0.75,0.2,False,True,32.80000042915344,3276,0.00573965,7127
A1,da9c57ce-7b06-4c04-b44f-99cfd7577b0c,0.8,0.49999999995,0.854919845811507,0.8333333333333334,0.8,True,False,19.903295516967773,2690,0.004745350000000001,3214
A1,d2efec11-7a38-49e4-8018-f96bc92a1a75,1.0,0.9999999999,0.7867727402110372,1.0,0.75,True,False,27.857506275177002,2660,0.00449845,3214
A1,6390597c-cb4b-48e7-b5f1-d342c043cd05,0.5,0.49999999995,0.95626259451261,0.8,0.4,True,False,31.4968581199646,3281,0.0061053,7718
A1,11f1bcb8-432b-47b8-9692-7590586e72d6,1.0,0.9999999999,0.9157501135029079,0.9090909090909091,0.0,False,False,38.32438564300537,5034,0.010358200000000001,15880
A1,85a65d37-b7a1-4bee-b985-eacd5a8b9e7c,0.0,0.0,0.9228249892504189,0.8888888888888888,0.12,False,False,33.388797760009766,3254,0.007302799999999999,6409
A1,ed333d45-0cfb-4287-9815-96e4d9fb5961,1.0,0.99999999995,0.8940428331139801,0.8333333333333334,0.4,True,False,31.270503759384155,2530,0.0047087000000000006,3668
A1,bfb18cd1-3456-4cbd-ac7b-2b5ffb5314b7,1.0,0.9999999999,0.9599830202440147,0.75,0.57,True,False,30.689950704574585,3025,0.00479345,5286
A1,97aa5705-f3ac-462d-badc-9769a8ace675,1.0,0.9999999999,0.866731007321082,0.75,0.6,True,False,30.382835626602173,3284,0.0053297,6455
A1,9219fad6-a1a9-4bea-a1c3-aab1b26bf9d1,1.0,0.9999999999,0.9403879262305129,0.75,0.57,True,False,30.118794918060303,3450,0.0058134,6346
A1,b1e91bd5-9834-4f01-8bdc-4a544dd3f3f4,1.0,0.9999999999,0.9107199736896707,0.8,0.75,True,False,31.218141078948975,2231,0.0041287,2641
A1,5b4672b8-3cdc-4d1b-977e-58f4e92ba4cb,1.0,0.9999999999,0.8843544168516898,0.875,0.25,True,False,31.088050603866577,2249,0.00433255,2369
A1,97de5509-6bfe-4fe4-9158-46543f093add,0.0,0.0,0.0,0.0,0.0,False,True,33.425395488739014,4666,0.00672035,14397
A1,a20f039e-0194-4240-a688-a7e62d3550a6,1.0,0.9999999999,0.9405764345997003,1.0,0.8,True,False,29.129096269607544,1971,0.0027502000000000004,1591
A1,e474aee8-cb34-4f04-903c-1ba4a7b50db0,0.0,0.0,0.0,0.0,0.0,False,True,29.3589506149292,2378,0.0033558,3050
A1,ff20610a-4945-4c3f-8dd8-e583b0c283af,1.0,0.4499999999775,0.7131600799210711,0.9444444444444444,0.22,False,False,34.22473907470703,6142,0.012648600000000001,20961
A1,4f35baa4-b609-4e83-9347-1b2526d08f24,1.0,0.9999999999,0.7704872332713919,1.0,0.67,True,False,35.81966996192932,3030,0.008633499999999999,5514
A1,851e78c3-a993-42bc-b1d4-d4085d5547df,1.0,0.99999999995,0.8188288440061837,0.75,0.44,True,False,28.681706190109253,3053,0.00469155,6184
A1,32d84f2c-49f2-4fdd-a96d-655161430b4c,1.0,0.49999999995,0.9536152877214624,1.0,1.0,True,False,28.373379230499268,3218,0.0047893,3858
A1,5ae54223-038c-4c4d-bf57-3e86bb704227,0.0,0.49999999995,0.9603935382211408,0.75,0.57,True,False,30.546306610107422,4647,0.007272399999999999,11958
A1,d98358d4-6a1b-464b-8b89-7ec6260cff23,0.0,0.0,0.0,0.25,0.0,False,True,31.971978902816772,5572,0.008507849999999999,11926
A1,06b30361-1bfa-407e-9b78-9690745b9d1f,0.0,0.0,0.0,0.0,0.0,False,True,29.66358470916748,3711,0.0052302,9493
A1,69567c46-cb0c-4ab7-a378-be5f1980cf7e,0.0,0.0,0.0,0.3333333333333333,0.0,False,True,28.897444009780884,4358,0.0063663999999999995,12660
A1,bb4ccac4-31c9-4518-b6a3-efbe81ce200f,0.0,0.0,0.0,0.5,0.0,False,True,28.688695669174194,3795,0.0054867000000000015,9360
A1,ceaceaf9-0dd2-4355-bf9b-5c9aa7812b27,0.0,0.9999999999,0.9040628910134367,0.8888888888888888,0.33,True,False,31.95081353187561,2056,0.0046904,1088
A1,9e71f246-0928-4712-a5b2-df72ea1557c3,0.0,0.9999999999,0.9037859004371205,0.8333333333333334,0.29,True,False,30.180293083190918,2099,0.00358775,1313
A1,66ce07d6-7817-4e68-bace-49d30456e6aa,0.0,0.9999999999,0.8749049706180569,0.5,0.57,True,True,30.084187984466553,5253,0.00797155,16715
A1,6bb8222a-7301-4800-8d89-fc7cb9abb5c1,0.5,0.9999999999,0.8670522967019721,1.0,0.4,False,False,30.00473403930664,4042,0.005867,11383
A1,4471ef9d-bb0b-48d2-b99a-95a6573a07a8,0.5,0.9999999999,0.9731340748508991,0.9,0.0,True,False,31.888719081878662,1989,0.0047379499999999995,1154
A1,ad82ab23-b1ac-4f66-b25f-7ff19a55cade,0.0,0.0,0.0,0.0,0.0,False,True,29.024017810821533,2047,0.0027797,1188
A1,c2a91850-e365-4d72-bb66-09723b02d41a,0.0,0.0,0.0,0.8571428571428571,0.0,False,True,34.5845787525177,2310,0.00525235,2901
A1,6f852288-75d9-4bd9-bc1e-ecec03d093b3,1.0,0.99999999995,0.888173262500205,0.75,0.57,True,False,29.105522632598877,3550,0.0057756,8146
A1,9bed8837-0e48-4ced-aeb7-2d9ee80090eb,0.5,0.3333333333,0.9467982618092037,0.8888888888888888,0.25,True,False,31.986458778381348,4482,0.0075369,12371
A1,751fcb88-83db-4e2a-b41d-b4a4f634293a,0.6666666666666666,0.99999999998,0.9688935047427155,0.8571428571428571,0.89,False,False,35.75792074203491,4299,0.0097032,12724
A1,fbbaab7c-0d8e-4acb-999d-79b499067536,0.0,0.99999999998,0.9036086854424464,0.9,0.0,True,False,34.08419847488403,3164,0.00869365,6263
A1,9bf88c97-a8ce-47ff-b7cc-aaa5c65b9f4a,0.3333333333333333,0.0,0.9248238343688151,0.7142857142857143,0.22,False,True,34.715471267700195,3173,0.0063770499999999996,6269
A1,54d41af2-e6f2-4f23-8f4a-aec37e0ca252,0.0,0.0,0.0,0.6666666666666666,0.0,False,True,35.01049613952637,3431,0.0064561,7765
A1,5e5c3604-57f0-44be-9dea-94c46df4ec8e,0.0,0.0,0.0,0.0,0.0,False,True,29.15377974510193,3075,0.0043504,5978
A1,8856078f-597b-44df-b505-12fecdf50e41,0.0,0.99999999995,0.9792093304433168,0.8666666666666667,0.83,True,False,39.15652680397034,2307,0.011105700000000001,2853
A1,9aa10b67-6db5-4580-93e8-824c54d6566d,1.0,0.8874999999778125,0.9458527247730508,0.9230769230769231,0.2,True,False,34.214489221572876,1851,0.004802949999999999,832
A1,14485ad2-d182-46ad-a032-4f8325a5f6d5,0.0,0.0,0.0,0.6,0.0,False,True,30.54392433166504,2439,0.0041788500000000004,2971
A1,57e7d74e-9e36-41e9-b690-75aae6f7d31d,1.0,0.49999999995,0.9467096657850577,1.0,0.86,True,False,29.854416608810425,3448,0.005111899999999999,7734
A1,d0c20bbf-4ee5-476e-a4d4-9f853574edfc,0.5,0.49999999995,0.9710553817358801,1.0,0.33,True,False,30.189700603485107,2939,0.0046755,4924
A1,ec346d29-a2dc-40ec-8ffb-9c788a4e4a4a,0.0,0.0,0.9588508965245541,0.6,0.29,False,False,34.35720872879028,2918,0.0053864,4902
A1,f4396fc3-0a8c-450e-8362-d058fe3d0e64,0.0,0.0,0.8889570506500577,0.75,0.0,False,False,32.684754848480225,3092,0.0062349,5859
A1,0a7c9388-b6c8-4b03-af53-efddf156d982,1.0,0.49999999995,0.9132676912120881,0.8,0.67,True,False,29.72103238105774,4649,0.00746835,13787
A1,668fedec-94e4-416c-8950-80bb1ddce0d6,0.0,0.0,0.8609709283196588,0.8333333333333334,0.15,False,False,34.85165810585022,3138,0.007692399999999999,7045
A1,008d1f5e-b60f-4bbf-b4af-cfe17348818f,1.0,0.249999999975,0.9439279298095209,0.8571428571428571,0.0,False,False,31.93183922767639,3510,0.006225050000000001,8884
A1,562b4f9f-dcc7-443f-ad0a-035e3ecd82ee,1.0,0.9999999999,0.815087796547409,0.875,0.77,True,False,32.96276831626892,4922,0.009510550000000001,14472
A1,9bc24ee8-8d5b-4ac0-9565-28a4bd231bee,1.0,0.3333333333,0.9115088013639201,0.9473684210526315,0.84,True,False,39.064475536346436,5356,0.011191650000000001,15400
A1,7ddeded7-3f51-4c22-a200-e2c33515349b,1.0,0.8333333332916666,0.8409146789882354,0.6666666666666666,0.33,False,False,30.901692867279053,3083,0.00589485,5492
A1,d9342bc4-9e4d-422b-a60c-c0089237a458,0.0,0.0,0.0,0.0,0.0,False,True,29.477041244506836,3971,0.0058902500000000005,11314
A1,5b80a317-7912-4780-9a94-e319e95fcf66,1.0,0.9999999999,0.9083623079579306,0.9,0.82,True,False,31.220707654953003,2355,0.0052104,3618
A1,f43e812e-ddf3-41a5-a975-c1e15f46b8dd,0.0,0.0,0.0,0.8,0.0,False,False,29.992385387420654,2310,0.00409525,3330
A1,d5cfdfc2-3c7d-424d-a924-420bb1de6852,1.0,0.8041666666465626,0.9463965323290074,0.8333333333333334,0.8,True,False,29.859450340270996,3961,0.006313899999999999,10596
A1,16ebc019-58e6-4227-ad65-80475d20eb41,0.8571428571428571,0.9999999999,0.8998118659509889,0.9,0.89,True,True,31.000954151153564,3591,0.006470350000000001,8868
A1,7dc878fb-b988-4906-957c-cd6bb2026b54,0.0,0.0,0.7659463068700951,0.3333333333333333,0.0,False,False,29.53415846824646,2111,0.0030761000000000004,1870
A1,41ddf622-edd5-4c9b-bf06-1d8b97d5f15a,1.0,0.19999999998,0.9244468578457189,0.6666666666666666,0.86,True,False,30.88956570625305,2204,0.00348865,2222
A1,40cc1cd3-1ff1-4f80-be81-b6f64f0f4c43,0.0,0.0,0.0,0.0,0.0,False,True,29.721660137176514,2055,0.0029366500000000003,1437
A1,04e31836-1961-477c-9263-d3438806a6e0,0.0,0.0,0.9201769651434554,0.8333333333333334,0.0,False,False,32.14974355697632,1978,0.0040617,1189
A1,16a22171-31b1-46ee-864d-e45cd424d70c,1.0,0.8333333332916666,0.9803542283290594,0.8,0.55,True,False,33.501442670822144,4751,0.0088169,13222
A1,c1e363c7-8d8c-49a3-905c-b558ac4833ce,0.0,0.0,0.0,0.5714285714285714,0.0,False,True,32.32015371322632,6236,0.010254949999999999,21063
A1,874d36fe-1ecb-4d2d-8bc1-bbffafb1f977,0.75,0.9999999999,0.9041865608786784,0.8571428571428571,0.62,True,False,29.246898412704468,3846,0.0061511,8635
A1,7ae1a685-d3a9-4c0a-819e-839ae61fd093,0.0,0.3333333333,0.9065649244498099,0.9090909090909091,0.84,True,False,31.051382780075073,3259,0.0057366,5838
A1,83a8cae4-6b9f-4b10-bb7e-88289390bcab,0.0,0.0,0.9140198265129111,1.0,0.0,False,False,28.74312949180603,2530,0.00352225,3907
A1,5eed51cd-55da-4aac-b77a-44e50a6018a4,1.0,0.99999999995,0.8792445857714144,0.875,0.29,True,False,29.979477882385254,3689,0.0060273,7896
A1,1eb360e6-cbe4-4de4-b419-b01ac50325a0,1.0,0.3333333333,0.916366816080539,0.9,0.82,True,False,32.17635440826416,3549,0.00717715,7332
A1,ba6113f3-d0b8-4192-a17a-d1e69283db08,1.0,0.9999999999,0.8859543071452093,0.8571428571428571,0.22,,False,31.167043209075928,4916,0.00905575,12766
A1,f267bb84-ee5d-4e07-97c1-87d9967f9a20,1.0,0.9999999999,0.8872292006716737,0.9090909090909091,0.8,,False,30.64769744873047,3642,0.00701265,7747
A1,3fcb7a72-4ae1-4ed3-9114-ad5aa99a4d87,0.5,0.9999999999,0.8743824150532911,0.8,0.67,,False,30.93857717514038,4450,0.0075622,11562
A1,c8d473e3-ed87-4105-bc51-c19a9457ccd1,1.0,0.9999999999,0.9016024064620854,0.9090909090909091,0.36,True,False,35.376363039016724,3915,0.0090026,8872
A1,138ea29e-52d8-4844-9a16-a577fef42606,0.8,0.9999999999,0.8842982414875329,0.875,0.8,True,False,30.806758165359497,2712,0.0055443,4814
A1,fa999f46-f122-424f-b1d0-1ad284ef03f5,1.0,0.9999999999,0.9511133284062362,0.8888888888888888,0.57,True,False,30.431344747543335,3043,0.005610749999999999,5569
A1,04e9ba53-8f3e-4445-84b1-22cf37824f95,1.0,0.9166666666361111,0.8286783598977957,0.75,0.4,True,False,31.56937837600708,3159,0.006081350000000001,6019
A1,c9742d52-344f-4363-b151-e981bb5d81f1,1.0,0.9999999999,0.8291268572872615,0.8571428571428571,0.29,False,False,31.603853702545166,3685,0.00676005,7819
A1,3397ae7a-cad6-4331-b744-968656e3a8f7,0.0,0.9999999999,0.8355456000930864,0.6666666666666666,0.0,False,False,33.196295738220215,3457,0.0059985,6674
A1,146dcb12-96c7-404d-b90a-e04073bd25dd,1.0,0.9999999999,0.9599423716291865,0.8,0.75,True,False,34.56699538230896,2153,0.0057089,1802
A1,70ca5178-6463-4fc4-8919-ff68db5676af,1.0,0.9999999999,0.8972363767112346,0.875,0.67,True,False,31.28030228614807,3008,0.005369650000000001,6381
A1,01948953-7d5b-4e53-9e6b-f7ef6b8630dc,1.0,0.9999999999,0.8794947675236576,0.9166666666666666,0.5,True,False,34.0230233669281,3105,0.0063782,6327
A1,ae780d4a-85bd-41ae-8a75-ce9bff08a2fc,1.0,0.499999999975,0.950638710486641,0.75,0.0,True,False,32.76418995857239,2289,0.00456545,2639
A1,03608046-2bc3-4e78-8658-927b9937b474,1.0,0.3333333333,0.9596576662483406,1.0,0.0,True,False,34.211949586868286,2145,0.0053247500000000005,2282
A1,87fb88a5-8638-497e-9ecb-6a1a2f18fc92,0.0,0.3333333333,0.9071237870361449,0.9090909090909091,0.0,False,False,33.037862062454224,2660,0.0053684499999999994,3949
A1,cc801098-eeb8-44fa-9191-7ee21cb9db6e,1.0,0.7499999999625,0.8722342089837503,0.6666666666666666,0.0,True,False,30.68928861618042,2990,0.00498795,5550
A2,2f37a8b7-c504-4767-870c-83334f8a6076,1.0,0.999999999975,0.8704852098024265,0.9090909090909091,0.82,True,False,12.791953802108765,32013,0.051508500000000006,99798
A2,6368e843-2814-4e03-908a-aa1510199361,1.0,0.9999999999,0.7867831603487022,0.8888888888888888,0.0,True,False,12.24063754081726,10232,0.0180026,35066
A2,35c6c84c-8f19-45af-96ef-9d5238c1991a,1.0,0.99999999995,0.9654492811335065,0.8333333333333334,0.44,,False,13.714052677154541,7976,0.01476005,26233
A2,134d2822-a8d4-4a83-ba81-c5461d009e0e,1.0,0.99999999995,0.9260099701998008,0.8333333333333334,0.4,True,False,8.81239652633667,26958,0.041861550000000004,87900
A2,61b01463-74fd-446c-8757-c700dbfb480c,1.0,0.99999999995,0.8886081190617222,0.6923076923076923,0.43,True,False,13.421442031860352,5690,0.0117292,17850
A2,407143ef-4bf1-45ef-a76d-f565592c973b,1.0,0.49999999995,0.8979704837233001,1.0,0.0,True,False,7.493870973587036,3156,0.005272949999999999,7523
A2,12cc0bbc-565c-4a83-86b9-b28ed3a323d0,1.0,0.499999999975,0.9015059066412712,0.875,0.67,True,False,10.607171535491943,4741,0.008220700000000001,12637
A2,d4b6a331-52ba-4d46-97e4-9c2209f23766,1.0,0.9999999999,0.9427269820583829,0.6666666666666666,0.0,True,False,9.184631109237671,3737,0.00622085,9471
A2,9cd81ff8-ae29-4aa2-8eba-0f50c134188c,1.0,0.3333333333,0.9050980962540283,0.8571428571428571,0.83,True,False,8.942237615585327,4916,0.00875405,13500
A2,ae96dd5d-fab2-4328-b346-7a07dff3abfd,0.0,0.699999999965,0.8631139115051603,0.8333333333333334,0.0,False,False,15.305445671081543,4879,0.01208985,13340
A2,f6f13ba8-8b0f-4809-be37-06f7ba582e27,1.0,0.9999999999,0.9785458925511732,0.8888888888888888,0.0,True,False,10.926473140716553,3753,0.0095427,9475
A2,c7ce785d-4ffa-4ca6-a9ac-b7904e9e471f,1.0,0.9999999999,0.9324607082547862,0.8571428571428571,0.0,True,False,7.920503616333008,3430,0.00632965,8181
A2,9d62258a-ff3a-48c0-be11-0f89fb4086d7,1.0,0.9999999999,0.906329274636952,0.9166666666666666,0.0,True,False,15.536911487579346,2743,0.0074304,4325
A2,106dddc7-a09d-43a2-93dc-1bafaf510e68,1.0,0.49999999995,0.8570569521195113,0.8571428571428571,0.73,True,False,8.02649211883545,3016,0.00561735,5355
A2,c6b779de-ecf3-4ba5-b03a-5d82b0392285,1.0,0.9999999999,0.9527601476392309,0.8571428571428571,0.77,True,False,9.156134843826294,4157,0.008178649999999999,10919
A2,da9c57ce-7b06-4c04-b44f-99cfd7577b0c,0.8,0.8666666666377778,0.8619299184423252,1.0,0.73,True,False,9.561474800109863,5724,0.00994135,14597
A2,d2efec11-7a38-49e4-8018-f96bc92a1a75,1.0,0.6999999999766667,0.7867727402110372,1.0,0.67,True,False,7.628564834594727,5694,0.00903445,14597
A2,6390597c-cb4b-48e7-b5f1-d342c043cd05,1.0,0.499999999975,0.9898524112016034,0.8571428571428571,0.83,True,False,8.328821897506714,8442,0.013344299999999998,30403
A2,11f1bcb8-432b-47b8-9692-7590586e72d6,1.0,0.8055555555287036,0.9384860058433423,0.9,0.22,True,False,14.800901174545288,14584,0.024863200000000002,59668
A2,85a65d37-b7a1-4bee-b985-eacd5a8b9e7c,1.0,0.7555555555303703,0.9520891050976308,0.9,0.89,True,False,7.966734886169434,8682,0.013644799999999999,30038
A2,ed333d45-0cfb-4287-9815-96e4d9fb5961,1.0,0.9999999999666667,0.9318724531646373,0.8571428571428571,0.29,True,False,8.005557775497437,8230,0.0130937,28564
A2,bfb18cd1-3456-4cbd-ac7b-2b5ffb5314b7,1.0,0.9166666666361111,0.9486447142529062,1.0,0.29,True,False,9.202203273773193,8453,0.014225449999999999,28915
A2,97aa5705-f3ac-462d-badc-9769a8ace675,1.0,0.8333333332916666,0.8755587188677214,1.0,0.57,True,False,6.845633506774902,6833,0.0103757,21921
A2,9219fad6-a1a9-4bea-a1c3-aab1b26bf9d1,1.0,0.9999999999,0.9403879262305129,1.0,0.67,True,False,6.66753888130188,11713,0.017892900000000003,41962
A2,b1e91bd5-9834-4f01-8bdc-4a544dd3f3f4,1.0,0.99999999998,0.800013825570847,1.0,0.91,True,False,10.121118307113647,13313,0.0211492,51810
A2,5b4672b8-3cdc-4d1b-977e-58f4e92ba4cb,0.0,0.9999999999666667,0.8993109789053921,0.8571428571428571,0.25,True,False,11.857142686843872,10152,0.01673455,37228
A2,97de5509-6bfe-4fe4-9158-46543f093add,1.0,0.99999999995,0.7329977213287161,0.9375,0.0,True,False,13.072205543518066,9101,0.01779035,34139
A2,a20f039e-0194-4240-a688-a7e62d3550a6,1.0,0.94999999997625,0.8094172938061394,1.0,0.67,True,False,9.623461246490479,11186,0.0175777,42512
A2,e474aee8-cb34-4f04-903c-1ba4a7b50db0,1.0,0.999999999975,0.8108196191929123,0.8333333333333334,0.73,True,False,9.724393844604492,11151,0.0178503,42286
A2,ff20610a-4945-4c3f-8dd8-e583b0c283af,1.0,0.4499999999775,0.8782825515057491,1.0,0.44,True,False,7.294681787490845,7300,0.0118356,26098
A2,4f35baa4-b609-4e83-9347-1b2526d08f24,1.0,0.9999999999666667,0.950926818119856,0.9444444444444444,0.45,True,False,19.586522340774536,4991,0.014710000000000003,14480
A2,851e78c3-a993-42bc-b1d4-d4085d5547df,1.0,0.9999999999666667,0.8518378432098161,0.9090909090909091,0.29,True,False,9.93100357055664,9141,0.01642605,33408
A2,32d84f2c-49f2-4fdd-a96d-655161430b4c,1.0,0.99999999995,0.8972299381508625,1.0,0.8,True,False,6.184685945510864,15607,0.0235078,34989
A2,5ae54223-038c-4c4d-bf57-3e86bb704227,0.0,0.99999999995,0.9499453591042263,0.75,0.4,True,False,6.6762566566467285,15759,0.0237379,37599
A2,d98358d4-6a1b-464b-8b89-7ec6260cff23,0.5,0.5833333333041666,0.9723094544578029,0.75,0.4,True,False,8.126176595687866,17090,0.02604735,43629
A2,06b30361-1bfa-407e-9b78-9690745b9d1f,0.0,0.9999999999,0.9302682651221951,1.0,1.0,True,False,5.936085939407349,11637,0.0175917,30831
A2,69567c46-cb0c-4ab7-a378-be5f1980cf7e,0.0,0.0,0.0,0.3333333333333333,0.0,False,True,6.658035039901733,4387,0.006372399999999999,12801
A2,bb4ccac4-31c9-4518-b6a3-efbe81ce200f,0.0,0.0,0.0,0.3333333333333333,0.0,False,True,6.498496055603027,4445,0.0064617,12170
A2,ceaceaf9-0dd2-4355-bf9b-5c9aa7812b27,0.0,0.9999999999,0.9189241753449481,0.8888888888888888,0.0,True,False,10.635308265686035,8807,0.0151619,31001
A2,9e71f246-0928-4712-a5b2-df72ea1557c3,1.0,0.9999999999,0.8891795654754349,0.8,0.33,True,False,7.778588771820068,2516,0.00448325,3331
A2,66ce07d6-7817-4e68-bace-49d30456e6aa,0.0,0.9999999999,0.8478523100605567,1.0,0.33,True,False,8.194448232650757,11576,0.01799605,46633
A2,6bb8222a-7301-4800-8d89-fc7cb9abb5c1,0.5,0.9999999999,0.8907206014446132,0.6666666666666666,0.0,True,False,9.34421968460083,5751,0.0095405,18892
A2,4471ef9d-bb0b-48d2-b99a-95a6573a07a8,0.5,0.699999999965,0.9686335490707408,0.875,0.0,True,False,9.36767053604126,8893,0.01534145,31738
A2,ad82ab23-b1ac-4f66-b25f-7ff19a55cade,0.5,0.49999999995,0.781906567242325,0.7777777777777778,0.29,True,False,7.2074058055877686,2510,0.0048092,3433
A2,c2a91850-e365-4d72-bb66-09723b02d41a,1.0,0.9999999999,0.9004708003953547,0.9,0.4,True,False,11.469926834106445,3912,0.008862849999999999,10800
A2,6f852288-75d9-4bd9-bc1e-ecec03d093b3,1.0,0.99999999995,0.8811416727237126,0.8,0.57,True,False,10.34835958480835,3924,0.0068091,9866
A2,9bed8837-0e48-4ced-aeb7-2d9ee80090eb,0.5,0.3333333333,0.943246252552316,0.7142857142857143,0.44,True,False,9.672944068908691,4482,0.0080844,12371
A2,751fcb88-83db-4e2a-b41d-b4a4f634293a,0.6666666666666666,0.99999999998,0.9551319337541956,0.5714285714285714,0.4,False,False,12.323776960372925,4299,0.0091407,12724
A2,fbbaab7c-0d8e-4acb-999d-79b499067536,0.0,0.99999999998,0.9092641894886367,0.8,0.0,True,False,12.884084463119507,3592,0.00923065,8047
A2,9bf88c97-a8ce-47ff-b7cc-aaa5c65b9f4a,0.6666666666666666,0.4499999999775,0.9541361301325366,0.5,0.25,False,True,13.659714221954346,7262,0.012660550000000001,22557
A2,54d41af2-e6f2-4f23-8f4a-aec37e0ca252,1.0,0.3333333333,0.9554308941511226,0.8333333333333334,0.4,False,False,9.503965377807617,6255,0.0103471,19741
A2,5e5c3604-57f0-44be-9dea-94c46df4ec8e,0.0,0.0,0.876836775288198,0.875,0.59,False,False,8.402521133422852,9243,0.014622399999999999,30683
A2,8856078f-597b-44df-b505-12fecdf50e41,0.0,0.8666666666377778,0.9806544214419162,0.875,0.81,True,False,15.55126428604126,6730,0.0148002,20605
A2,9aa10b67-6db5-4580-93e8-824c54d6566d,1.0,0.8874999999778125,0.9395274821732703,0.8571428571428571,0.29,True,False,13.703916311264038,6629,0.01239745,20098
A2,14485ad2-d182-46ad-a032-4f8325a5f6d5,0.0,0.0,0.0,0.75,0.0,False,True,7.25307559967041,2580,0.00400035,3631
A2,57e7d74e-9e36-41e9-b690-75aae6f7d31d,1.0,0.49999999995,0.9757253400766251,1.0,0.8,True,False,6.582673072814941,6387,0.0095954,19502
A2,d0c20bbf-4ee5-476e-a4d4-9f853574edfc,1.0,0.49999999995,0.9427586156334137,0.8571428571428571,0.83,True,False,9.448238134384155,6093,0.0108915,17701
A2,ec346d29-a2dc-40ec-8ffb-9c788a4e4a4a,0.0,0.0,0.0,0.6666666666666666,0.0,False,True,12.206284761428833,6900,0.011554400000000001,20875
A2,f4396fc3-0a8c-450e-8362-d058fe3d0e64,0.0,0.0,0.8934217446070545,0.7142857142857143,0.0,False,False,9.566159009933472,4484,0.0078354,12006
A2,0a7c9388-b6c8-4b03-af53-efddf156d982,1.0,0.49999999995,0.8896723747773344,0.875,0.5,True,False,8.786894083023071,4992,0.00826035,15316
A2,668fedec-94e4-416c-8950-80bb1ddce0d6,0.0,0.0,0.869713365093976,0.6,0.15,False,False,13.673548698425293,3167,0.0072784,7186
A2,008d1f5e-b60f-4bbf-b4af-cfe17348818f,1.0,0.249999999975,0.9434827376567979,1.0,0.0,False,False,10.265928745269775,4754,0.008811049999999999,14844
A2,562b4f9f-dcc7-443f-ad0a-035e3ecd82ee,1.0,0.9999999999,0.7902997348272891,1.0,0.92,True,False,9.599303245544434,5733,0.01030705,18015
A2,9bc24ee8-8d5b-4ac0-9565-28a4bd231bee,1.0,0.8333333332916666,0.9086229664109036,0.95,0.67,True,False,17.766834497451782,11742,0.022563149999999997,42797
A2,7ddeded7-3f51-4c22-a200-e2c33515349b,1.0,0.8333333332916666,0.9174659575700433,0.7692307692307693,0.29,False,False,7.820805311203003,3083,0.00570735,5492
A2,d9342bc4-9e4d-422b-a60c-c0089237a458,0.0,0.0,0.0,0.5,0.0,False,True,8.104198694229126,3971,0.005800250000000001,11314
A2,5b80a317-7912-4780-9a94-e319e95fcf66,1.0,0.9999999999,0.8640468279382945,0.9166666666666666,0.67,True,False,12.566657543182373,4846,0.0092319,14808
A2,f43e812e-ddf3-41a5-a975-c1e15f46b8dd,0.0,0.9999999999,0.8541629217299506,0.8,0.18,True,False,7.7643961906433105,3593,0.00624475,9107
A2,d5cfdfc2-3c7d-424d-a924-420bb1de6852,1.0,0.8041666666465626,0.9324649168414653,1.0,0.89,True,False,6.141995191574097,6339,0.0095284,21605
A2,16ebc019-58e6-4227-ad65-80475d20eb41,0.8571428571428571,0.9999999999,0.8998118659509889,0.9,0.89,True,True,8.326217889785767,4158,0.00746335,11661
A2,7dc878fb-b988-4906-957c-cd6bb2026b54,0.0,0.0,0.9511667069195764,0.5,0.0,False,False,9.326222658157349,3543,0.0066491,7972
A2,41ddf622-edd5-4c9b-bf06-1d8b97d5f15a,1.0,0.19999999998,0.851468337668259,0.5,0.67,True,False,8.965457201004028,3510,0.006242649999999999,7978
A2,40cc1cd3-1ff1-4f80-be81-b6f64f0f4c43,0.0,0.0,0.0,0.0,0.0,False,True,7.1989476680755615,3364,0.00487765,7140
A2,04e31836-1961-477c-9263-d3438806a6e0,1.0,0.3333333333,0.8356853269294723,0.875,0.57,True,False,9.022260189056396,3493,0.0066417,7829
A2,16a22171-31b1-46ee-864d-e45cd424d70c,1.0,0.7499999999625,0.9299511751652609,0.875,0.75,True,False,9.21022343635559,13282,0.0210284,50392
A2,c1e363c7-8d8c-49a3-905c-b558ac4833ce,0.0,0.0,0.8321871429066143,0.9,0.0,False,False,13.405896425247192,18189,0.02916695,74395
A2,874d36fe-1ecb-4d2d-8bc1-bbffafb1f977,0.75,0.9999999999,0.9572786305924252,0.8571428571428571,0.62,True,False,6.755215883255005,6657,0.0100976,20819
A2,7ae1a685-d3a9-4c0a-819e-839ae61fd093,1.0,0.49999999995,0.9720345272318319,0.9,0.89,True,False,8.42555284500122,5310,0.0084156,14839
A2,83a8cae4-6b9f-4b10-bb7e-88289390bcab,0.0,0.0,0.8946786618091465,0.8,0.0,True,False,13.474726438522339,4993,0.00930175,14027
A2,5eed51cd-55da-4aac-b77a-44e50a6018a4,1.0,0.9166666666361111,0.8951655503219412,1.0,0.29,True,False,9.203288793563843,21187,0.032671799999999994,70794
A2,1eb360e6-cbe4-4de4-b419-b01ac50325a0,1.0,0.94999999997625,0.9015723177966689,1.0,0.86,True,False,10.02794361114502,23574,0.037124649999999995,80719
A2,ba6113f3-d0b8-4192-a17a-d1e69283db08,1.0,0.9999999999666667,0.8911372889783403,0.8571428571428571,0.67,,False,10.610085248947144,13319,0.02112775,46748
A2,f267bb84-ee5d-4e07-97c1-87d9967f9a20,1.0,0.99999999998,0.8872292006716737,0.9166666666666666,0.84,,False,9.48239254951477,18324,0.02929065,67100
A2,3fcb7a72-4ae1-4ed3-9114-ad5aa99a4d87,1.0,0.8666666666377778,0.9109049820279689,0.8888888888888888,0.57,,False,12.539439916610718,26152,0.0417652,83675
A2,c8d473e3-ed87-4105-bc51-c19a9457ccd1,1.0,0.7499999999625,0.9070205087523697,0.9,0.36,True,False,15.130796909332275,19535,0.0335051,65243
A2,138ea29e-52d8-4844-9a16-a577fef42606,0.8,0.99999999995,0.8836602072396293,0.7777777777777778,0.8,True,False,8.99081540107727,5053,0.009175800000000001,14230
A2,fa999f46-f122-424f-b1d0-1ad284ef03f5,1.0,0.8333333332916666,0.893263236997113,0.875,0.25,True,False,7.855734586715698,4877,0.00899175,13671
A2,04e9ba53-8f3e-4445-84b1-22cf37824f95,1.0,0.9166666666361111,0.8321402073619244,1.0,0.57,True,False,7.779462814331055,7043,0.01119485,21846
A2,c9742d52-344f-4363-b151-e981bb5d81f1,1.0,0.7499999999625,0.9594295025050087,1.0,0.33,True,False,9.46749758720398,8897,0.01484055,29174
A2,3397ae7a-cad6-4331-b744-968656e3a8f7,1.0,0.8333333332916666,0.9092117981323913,0.75,0.4,True,False,9.014742136001587,7353,0.011970000000000001,23272
A2,146dcb12-96c7-404d-b90a-e04073bd25dd,1.0,0.9999999999,0.969756544416819,0.8571428571428571,0.0,True,False,14.279925107955933,3744,0.009625400000000001,8577
A2,70ca5178-6463-4fc4-8919-ff68db5676af,1.0,0.99999999995,0.8969549713977708,1.0,0.4,True,False,9.941919088363647,3977,0.00732565,10453
A2,01948953-7d5b-4e53-9e6b-f7ef6b8630dc,1.0,0.6999999999766667,0.8910251602696673,1.0,0.95,True,False,8.962547063827515,6582,0.0114362,20782
A2,ae780d4a-85bd-41ae-8a75-ce9bff08a2fc,1.0,0.5333333333155555,0.9592279769385176,0.6666666666666666,0.5,True,False,8.284616708755493,7749,0.012192950000000001,25132
A2,03608046-2bc3-4e78-8658-927b9937b474,1.0,0.94999999997625,0.9434753161161491,1.0,0.0,True,False,11.930095195770264,4357,0.008800249999999999,11505
A2,87fb88a5-8638-497e-9ecb-6a1a2f18fc92,1.0,0.94999999997625,0.890357291366281,0.9090909090909091,0.17,True,False,10.024513483047485,8030,0.014173449999999999,25905
A2,cc801098-eeb8-44fa-9191-7ee21cb9db6e,1.0,0.8055555555287036,0.8576237378710379,1.0,0.0,True,False,11.9384183883667,7089,0.01165395,21898
A2r,2f37a8b7-c504-4767-870c-83334f8a6076,1.0,0.999999999975,0.8498457946228429,0.9166666666666666,0.78,True,False,14.422915697097778,32013,0.0521985,99798
A2r,6368e843-2814-4e03-908a-aa1510199361,1.0,0.9999999999,0.9138475528407028,0.7777777777777778,0.0,True,False,11.909348964691162,10232,0.018010099999999998,35066
A2r,35c6c84c-8f19-45af-96ef-9d5238c1991a,1.0,0.99999999995,0.9646988732836279,0.8,0.75,,False,14.553223133087158,7976,0.01457255,26233
A2r,134d2822-a8d4-4a83-ba81-c5461d009e0e,1.0,0.99999999995,0.9260099701998008,0.75,0.36,True,False,8.465085744857788,26958,0.04152405000000001,87900
A2r,61b01463-74fd-446c-8757-c700dbfb480c,1.0,0.99999999995,0.8886081190617222,0.9090909090909091,0.67,True,False,12.895833969116211,5690,0.011991700000000001,17850
A2r,407143ef-4bf1-45ef-a76d-f565592c973b,1.0,0.49999999995,0.9058974734446708,1.0,0.4,True,False,7.6190879344940186,3156,0.00510045,7523
A2r,12cc0bbc-565c-4a83-86b9-b28ed3a323d0,1.0,0.499999999975,0.8956694255957918,1.0,0.75,True,False,8.426356315612793,4741,0.0076882,12637
A2r,d4b6a331-52ba-4d46-97e4-9c2209f23766,1.0,0.9999999999,0.8308116254886835,0.875,0.83,True,False,9.928083419799805,3737,0.00626585,9471
A2r,9cd81ff8-ae29-4aa2-8eba-0f50c134188c,1.0,0.3333333333,0.7675420782158169,0.8888888888888888,0.88,True,False,8.983695030212402,4916,0.008866549999999999,13500
A2r,ae96dd5d-fab2-4328-b346-7a07dff3abfd,0.0,0.699999999965,0.7207258782586402,0.9130434782608695,0.11,False,False,15.092170476913452,4879,0.01162485,13340
A2r,f6f13ba8-8b0f-4809-be37-06f7ba582e27,1.0,0.9999999999,0.9773822376413961,0.8888888888888888,0.5,True,False,10.518710136413574,3753,0.0084477,9475
A2r,c7ce785d-4ffa-4ca6-a9ac-b7904e9e471f,1.0,0.9999999999,0.9317040956517775,1.0,0.75,True,False,7.682164430618286,3430,0.00557965,8181
A2r,9d62258a-ff3a-48c0-be11-0f89fb4086d7,1.0,0.9999999999,0.909324480191042,0.9230769230769231,0.0,True,False,13.66169786453247,2743,0.0068004,4325
A2r,106dddc7-a09d-43a2-93dc-1bafaf510e68,1.0,0.49999999995,0.9137912441352567,0.8571428571428571,0.25,True,False,9.87834620475769,3016,0.00617235,5355
A2r,c6b779de-ecf3-4ba5-b03a-5d82b0392285,1.0,0.9999999999,0.9563953290695546,0.8888888888888888,0.8,True,False,9.776781797409058,4157,0.007826149999999999,10919
A2r,da9c57ce-7b06-4c04-b44f-99cfd7577b0c,0.8,0.8666666666377778,0.854919845811507,0.8333333333333334,0.8,True,False,6.941826343536377,5724,0.00918385,14597
A2r,d2efec11-7a38-49e4-8018-f96bc92a1a75,1.0,0.6999999999766667,0.7867727402110372,1.0,0.86,True,False,7.183306455612183,5694,0.009184449999999999,14597
A2r,6390597c-cb4b-48e7-b5f1-d342c043cd05,1.0,0.499999999975,0.95626259451261,0.8571428571428571,0.5,True,False,6.7051074504852295,7379,0.012109799999999999,25614
A2r,11f1bcb8-432b-47b8-9692-7590586e72d6,1.0,0.8055555555287036,0.9384860058433423,0.9,0.2,True,False,14.098287105560303,14584,0.0236857,59668
A2r,85a65d37-b7a1-4bee-b985-eacd5a8b9e7c,1.0,0.7555555555303703,0.9521667538773996,0.9,0.89,True,False,7.580244064331055,8682,0.013577299999999999,30038
A2r,ed333d45-0cfb-4287-9815-96e4d9fb5961,1.0,0.9999999999666667,0.9215275646842145,1.0,0.33,True,False,8.150291442871094,8230,0.0130937,28564
A2r,bfb18cd1-3456-4cbd-ac7b-2b5ffb5314b7,1.0,0.9166666666361111,0.9700627643382175,0.8571428571428571,0.33,True,False,8.3635413646698,8453,0.01448795,28915
A2r,97aa5705-f3ac-462d-badc-9769a8ace675,1.0,0.8333333332916666,0.8755587188677214,0.75,0.8,True,False,7.479721784591675,6833,0.010413200000000001,21921
A2r,9219fad6-a1a9-4bea-a1c3-aab1b26bf9d1,1.0,0.9999999999,0.9403879262305129,1.0,0.67,True,False,9.326831817626953,11713,0.018455400000000004,41962
A2r,b1e91bd5-9834-4f01-8bdc-4a544dd3f3f4,1.0,0.99999999998,0.7944921281832462,1.0,0.86,True,False,10.63187551498413,13313,0.0204217,51810
A2r,5b4672b8-3cdc-4d1b-977e-58f4e92ba4cb,0.0,0.9999999999666667,0.8831631016700767,1.0,0.57,True,False,11.131589412689209,10152,0.01827205,37228
A2r,97de5509-6bfe-4fe4-9158-46543f093add,1.0,0.99999999995,0.7360984454938676,0.9333333333333333,0.0,True,False,13.086424350738525,9101,0.017467850000000004,34139
A2r,a20f039e-0194-4240-a688-a7e62d3550a6,1.0,0.94999999997625,0.974303119533428,0.75,0.67,True,False,9.98035979270935,11186,0.0174352,42512
A2r,e474aee8-cb34-4f04-903c-1ba4a7b50db0,1.0,0.999999999975,0.8164576327126771,0.8333333333333334,0.73,True,False,9.933244705200195,11151,0.0177903,42286
A2r,ff20610a-4945-4c3f-8dd8-e583b0c283af,1.0,0.4499999999775,0.8990846594329721,0.9,0.46,True,False,9.343063354492188,7300,0.0134181,26098
A2r,4f35baa4-b609-4e83-9347-1b2526d08f24,1.0,0.9999999999666667,0.8068886925451979,0.9473684210526315,0.48,True,False,15.512603521347046,4991,0.0140575,14480
A2r,851e78c3-a993-42bc-b1d4-d4085d5547df,1.0,0.9999999999666667,0.9104271033876643,0.9230769230769231,0.29,True,False,12.654560565948486,9141,0.016163550000000002,33408
A2r,32d84f2c-49f2-4fdd-a96d-655161430b4c,1.0,0.99999999995,0.9383064905592016,0.6666666666666666,0.67,True,False,6.566737174987793,15607,0.0234628,34989
A2r,5ae54223-038c-4c4d-bf57-3e86bb704227,0.0,0.99999999995,0.9591253936848355,1.0,1.0,True,False,7.3435657024383545,15759,0.0238729,37599
A2r,d98358d4-6a1b-464b-8b89-7ec6260cff23,0.5,0.5833333333041666,0.9723094544578029,0.5,0.33,True,False,8.284811973571777,17090,0.02644485,43629
A2r,06b30361-1bfa-407e-9b78-9690745b9d1f,0.0,0.9999999999,0.9231167140302986,0.8,0.8,True,False,8.16111707687378,11637,0.017861699999999998,30831
A2r,69567c46-cb0c-4ab7-a378-be5f1980cf7e,0.0,0.0,0.0,0.0,0.0,False,True,6.692265272140503,4387,0.006334899999999999,12801
A2r,bb4ccac4-31c9-4518-b6a3-efbe81ce200f,0.0,0.0,0.0,0.3333333333333333,0.0,False,True,6.927519798278809,4445,0.0064617,12170
A2r,ceaceaf9-0dd2-4355-bf9b-5c9aa7812b27,0.0,0.9999999999,0.863784773880561,0.9285714285714286,0.0,True,False,11.04900598526001,8807,0.015011900000000002,31001
A2r,9e71f246-0928-4712-a5b2-df72ea1557c3,1.0,0.9999999999,0.8398226679226889,0.75,0.57,True,False,7.7915191650390625,2516,0.00409325,3331
A2r,66ce07d6-7817-4e68-bace-49d30456e6aa,0.0,0.9999999999,0.8478523100605567,0.8,0.29,True,False,8.018457889556885,11576,0.01790605,46633
A2r,6bb8222a-7301-4800-8d89-fc7cb9abb5c1,0.5,0.9999999999,0.8855476261502637,0.8,0.0,True,False,7.477056264877319,5751,0.0095855,18892
A2r,4471ef9d-bb0b-48d2-b99a-95a6573a07a8,0.5,0.699999999965,0.9686335490707408,0.8571428571428571,0.0,True,False,11.349909543991089,8893,0.01541645,31738
A2r,ad82ab23-b1ac-4f66-b25f-7ff19a55cade,0.5,0.49999999995,0.8734301138256041,0.8571428571428571,0.36,True,False,8.513983249664307,2510,0.005026699999999999,3433
A2r,c2a91850-e365-4d72-bb66-09723b02d41a,1.0,0.9999999999,0.9086664017999959,0.8571428571428571,0.44,True,False,10.252449035644531,3912,0.00883285,10800
A2r,6f852288-75d9-4bd9-bc1e-ecec03d093b3,1.0,0.99999999995,0.8601661040249013,0.6666666666666666,0.44,True,False,8.91404128074646,3924,0.007041599999999999,9866
A2r,9bed8837-0e48-4ced-aeb7-2d9ee80090eb,0.5,0.3333333333,0.9010765365880375,0.75,0.5,True,False,7.6329569816589355,4482,0.0069519,12371
A2r,751fcb88-83db-4e2a-b41d-b4a4f634293a,0.6666666666666666,0.99999999998,0.9688935047427155,0.875,0.71,False,False,13.042543172836304,4299,0.009995700000000001,12724
A2r,fbbaab7c-0d8e-4acb-999d-79b499067536,0.0,0.99999999998,0.923510751421594,0.9090909090909091,0.0,True,False,12.058872938156128,3592,0.00894565,8047
A2r,9bf88c97-a8ce-47ff-b7cc-aaa5c65b9f4a,0.6666666666666666,0.4499999999775,0.8695565618005484,0.8333333333333334,0.0,False,False,10.107902765274048,7262,0.012060550000000001,22557
A2r,54d41af2-e6f2-4f23-8f4a-aec37e0ca252,1.0,0.3333333333,0.9641155405901088,0.8333333333333334,0.5,False,False,10.87181043624878,6255,0.0102571,19741
A2r,5e5c3604-57f0-44be-9dea-94c46df4ec8e,0.0,0.0,0.876836775288198,1.0,0.62,False,False,8.197382926940918,9243,0.014299899999999999,30683
A2r,8856078f-597b-44df-b505-12fecdf50e41,0.0,0.8666666666377778,0.9805686221041218,0.8823529411764706,0.85,True,False,18.57361340522766,6730,0.017837699999999998,20605
A2r,9aa10b67-6db5-4580-93e8-824c54d6566d,1.0,0.8874999999778125,0.9346405434957084,1.0,0.25,True,False,11.130764245986938,6629,0.01173745,20098
A2r,14485ad2-d182-46ad-a032-4f8325a5f6d5,0.0,0.0,0.0,0.75,0.0,False,True,7.035745859146118,2580,0.00400035,3631
A2r,57e7d74e-9e36-41e9-b690-75aae6f7d31d,1.0,0.49999999995,0.976178808780289,0.8,0.67,True,False,12.149683237075806,6387,0.0104654,19502
A2r,d0c20bbf-4ee5-476e-a4d4-9f853574edfc,1.0,0.49999999995,0.940837122789954,1.0,0.91,True,False,8.226522207260132,6093,0.010478999999999999,17701
A2r,ec346d29-a2dc-40ec-8ffb-9c788a4e4a4a,0.0,0.0,0.0,0.5,0.0,False,True,13.264295101165771,6900,0.0119369,20875
A2r,f4396fc3-0a8c-450e-8362-d058fe3d0e64,0.0,0.0,0.8949491130013445,0.7142857142857143,0.0,False,False,10.316255331039429,4484,0.0083604,12006
A2r,0a7c9388-b6c8-4b03-af53-efddf156d982,1.0,0.49999999995,0.9391781090960153,0.875,0.44,True,False,7.242645263671875,4992,0.00826785,15316
A2r,668fedec-94e4-416c-8950-80bb1ddce0d6,0.0,0.0,0.8688392987174441,0.7777777777777778,0.15,False,False,10.627171516418457,3167,0.007015899999999999,7186
A2r,008d1f5e-b60f-4bbf-b4af-cfe17348818f,1.0,0.249999999975,0.9392340979836488,0.9333333333333333,0.0,False,False,10.41162109375,4754,0.00907355,14844
A2r,562b4f9f-dcc7-443f-ad0a-035e3ecd82ee,1.0,0.9999999999,0.8945787315602175,0.875,0.77,True,False,9.432472705841064,5733,0.01077955,18015
A2r,9bc24ee8-8d5b-4ac0-9565-28a4bd231bee,1.0,0.8333333332916666,0.8726699365898002,0.9230769230769231,0.0,True,False,13.906296730041504,11742,0.020343149999999997,42797
A2r,7ddeded7-3f51-4c22-a200-e2c33515349b,1.0,0.8333333332916666,0.9291465515141666,0.8333333333333334,0.0,False,False,8.063079118728638,3083,0.0053548499999999995,5492
A2r,d9342bc4-9e4d-422b-a60c-c0089237a458,0.0,0.0,0.0,0.0,0.0,False,True,6.7597877979278564,3971,0.005845250000000001,11314
A2r,5b80a317-7912-4780-9a94-e319e95fcf66,1.0,0.9999999999,0.8845541339471263,0.9166666666666666,0.29,True,False,14.602526187896729,4846,0.0090519,14808
A2r,f43e812e-ddf3-41a5-a975-c1e15f46b8dd,0.0,0.9999999999,0.8545608814310549,0.7142857142857143,0.25,True,False,8.27389407157898,3593,0.00652225,9107
A2r,d5cfdfc2-3c7d-424d-a924-420bb1de6852,1.0,0.8041666666465626,0.9497511658538409,0.7777777777777778,0.62,True,False,9.979830503463745,6339,0.010608399999999999,21605
A2r,16ebc019-58e6-4227-ad65-80475d20eb41,0.8571428571428571,0.9999999999,0.8998118659509889,0.9,0.89,True,True,8.75133752822876,4158,0.00736585,11661
A2r,7dc878fb-b988-4906-957c-cd6bb2026b54,0.0,0.0,0.9481085870511581,0.375,0.0,False,False,10.512227058410645,3543,0.006574099999999999,7972
A2r,41ddf622-edd5-4c9b-bf06-1d8b97d5f15a,1.0,0.19999999998,0.8503620373930247,0.8571428571428571,0.5,True,False,12.343645572662354,3510,0.006662649999999999,7978
A2r,40cc1cd3-1ff1-4f80-be81-b6f64f0f4c43,0.0,0.0,0.0,0.5,0.0,False,True,8.956512689590454,3364,0.0049076499999999995,7140
A2r,04e31836-1961-477c-9263-d3438806a6e0,1.0,0.3333333333,0.9279530430723418,0.875,0.33,True,False,9.140223979949951,3493,0.007391700000000001,7829
A2r,16a22171-31b1-46ee-864d-e45cd424d70c,1.0,0.5333333333155555,0.9665247489372175,0.875,0.6,True,False,8.364812850952148,20172,0.031408399999999996,81475
A2r,c1e363c7-8d8c-49a3-905c-b558ac4833ce,0.0,0.0,0.8842360646949199,0.8888888888888888,0.0,False,False,11.607110500335693,18189,0.02898695,74395
A2r,874d36fe-1ecb-4d2d-8bc1-bbffafb1f977,0.75,0.9999999999,0.9572786305924252,0.8,0.62,True,False,6.887033224105835,12342,0.0187901,46102
A2r,7ae1a685-d3a9-4c0a-819e-839ae61fd093,1.0,0.49999999995,0.9776033325701983,1.0,0.94,True,False,6.6148529052734375,5310,0.0083331,14839
A2r,83a8cae4-6b9f-4b10-bb7e-88289390bcab,0.0,0.0,0.9423573886247902,0.8333333333333334,0.0,True,False,13.246418714523315,4993,0.00906925,14027
A2r,5eed51cd-55da-4aac-b77a-44e50a6018a4,1.0,0.9166666666361111,0.8778389009272689,0.8181818181818182,0.67,True,False,8.8985276222229,21187,0.0328968,70794
A2r,1eb360e6-cbe4-4de4-b419-b01ac50325a0,1.0,0.94999999997625,0.9015723177966689,1.0,0.61,True,False,8.576380252838135,23574,0.03682465,80719
A2r,ba6113f3-d0b8-4192-a17a-d1e69283db08,1.0,0.9999999999666667,0.894680717436716,0.8571428571428571,0.67,,False,8.844441413879395,13319,0.02163025,46748
A2r,f267bb84-ee5d-4e07-97c1-87d9967f9a20,1.0,0.99999999998,0.8872292006716737,0.9166666666666666,0.78,,False,9.50440526008606,18324,0.029583150000000002,67100
A2r,3fcb7a72-4ae1-4ed3-9114-ad5aa99a4d87,1.0,0.8666666666377778,0.937456255865256,0.8333333333333334,0.73,,False,10.44316029548645,26152,0.040302700000000004,83675
A2r,c8d473e3-ed87-4105-bc51-c19a9457ccd1,1.0,0.7499999999625,0.9026041225184787,0.9,0.5,True,False,14.096515893936157,19535,0.033242600000000004,65243
A2r,138ea29e-52d8-4844-9a16-a577fef42606,0.8,0.99999999995,0.8876240099743359,0.8,0.83,True,False,8.535867929458618,5053,0.009693300000000002,14230
A2r,fa999f46-f122-424f-b1d0-1ad284ef03f5,1.0,0.8333333332916666,0.8844997399374038,0.875,0.33,True,False,9.287245273590088,4877,0.008196750000000001,13671
A2r,04e9ba53-8f3e-4445-84b1-22cf37824f95,1.0,0.9166666666361111,0.9267952370608379,0.8571428571428571,0.67,True,False,8.88944935798645,7043,0.01158485,21846
A2r,c9742d52-344f-4363-b151-e981bb5d81f1,1.0,0.7499999999625,0.8291268572872615,0.7142857142857143,0.44,True,False,10.187143802642822,8897,0.01457055,29174
A2r,3397ae7a-cad6-4331-b744-968656e3a8f7,1.0,0.8333333332916666,0.9086574341994075,0.8333333333333334,0.4,True,False,10.27901840209961,7353,0.011970000000000001,23272
A2r,146dcb12-96c7-404d-b90a-e04073bd25dd,1.0,0.9999999999,0.9714320151102401,0.9,0.2,True,False,13.520403385162354,3744,0.0107504,8577
A2r,70ca5178-6463-4fc4-8919-ff68db5676af,1.0,0.99999999995,0.8915886593028631,1.0,0.92,True,False,10.029983520507812,3977,0.00744565,10453
A2r,01948953-7d5b-4e53-9e6b-f7ef6b8630dc,1.0,0.6999999999766667,0.9178305201401838,0.9166666666666666,0.91,True,False,9.552059650421143,6582,0.011781200000000002,20782
A2r,ae780d4a-85bd-41ae-8a75-ce9bff08a2fc,1.0,0.5333333333155555,0.8838701872595797,0.6666666666666666,0.5,True,False,9.265774250030518,7749,0.01303295,25132
A2r,03608046-2bc3-4e78-8658-927b9937b474,1.0,0.94999999997625,0.884591828770968,1.0,0.0,True,False,11.963770866394043,4357,0.00897275,11505
A2r,87fb88a5-8638-497e-9ecb-6a1a2f18fc92,1.0,0.94999999997625,0.9058742087464428,0.9230769230769231,0.4,True,False,11.03645920753479,8030,0.01424845,25905
A2r,cc801098-eeb8-44fa-9191-7ee21cb9db6e,1.0,0.8055555555287036,0.9565608584852054,0.8333333333333334,0.29,True,False,11.492898941040039,7089,0.012756449999999999,21898
A3,2f37a8b7-c504-4767-870c-83334f8a6076,1.0,0.99999999995,0.9058776352947444,0.9166666666666666,0.78,True,False,34.534976959228516,7900,0.015654,24990
A3,6368e843-2814-4e03-908a-aa1510199361,1.0,0.9999999999666667,0.9314710512497393,0.9285714285714286,0.0,True,False,35.66296339035034,7906,0.015481100000000001,24992
A3,35c6c84c-8f19-45af-96ef-9d5238c1991a,1.0,0.4499999999775,0.9645039168434583,0.8571428571428571,0.5,,False,30.806691884994507,7808,0.013233050000000001,24996
A3,134d2822-a8d4-4a83-ba81-c5461d009e0e,1.0,0.9999999999666667,0.8777075588939778,0.8571428571428571,0.33,True,False,31.74841332435608,7634,0.01315305,24996
A3,61b01463-74fd-446c-8757-c700dbfb480c,1.0,0.49999999995,0.8612701670567242,0.9230769230769231,0.67,True,False,35.961782693862915,7872,0.016449699999999998,24493
A3,407143ef-4bf1-45ef-a76d-f565592c973b,1.0,0.49999999995,0.9063490416181755,0.875,0.0,True,False,30.94303870201111,7894,0.01247745,25000
A3,12cc0bbc-565c-4a83-86b9-b28ed3a323d0,1.0,0.249999999975,0.9602131095039046,0.875,0.73,True,False,33.06168222427368,7824,0.0128377,24493
A3,d4b6a331-52ba-4d46-97e4-9c2209f23766,1.0,0.9999999999,0.828000095282688,0.8888888888888888,0.33,True,False,30.079277753829956,8110,0.01320035,24999
A3,9cd81ff8-ae29-4aa2-8eba-0f50c134188c,1.0,0.49999999995,0.76718583368613,0.8571428571428571,0.44,True,False,31.071263790130615,7914,0.01349855,25000
A3,ae96dd5d-fab2-4328-b346-7a07dff3abfd,1.0,0.9999999999,0.8428245824394613,0.9375,0.13,True,False,39.97981643676758,7956,0.01716285,25000
A3,f6f13ba8-8b0f-4809-be37-06f7ba582e27,1.0,0.49999999995,0.8026971745236885,0.8888888888888888,0.5,True,False,32.95197510719299,7604,0.013894199999999999,24999
A3,c7ce785d-4ffa-4ca6-a9ac-b7904e9e471f,1.0,0.3333333333,0.9353268407405945,0.875,0.6,True,False,31.264739274978638,7484,0.01228315,25000
A3,9d62258a-ff3a-48c0-be11-0f89fb4086d7,1.0,0.9999999999,0.9039285126942107,0.8888888888888888,0.0,True,False,35.53253102302551,7537,0.0140214,24999
A3,106dddc7-a09d-43a2-93dc-1bafaf510e68,1.0,0.9999999999,0.8537266226345378,0.7142857142857143,0.0,True,False,31.6633358001709,7657,0.013186350000000001,24999
A3,c6b779de-ecf3-4ba5-b03a-5d82b0392285,1.0,0.9999999999,0.942673426072065,0.8888888888888888,0.8,True,False,31.89392638206482,7558,0.01285265,24999
A3,da9c57ce-7b06-4c04-b44f-99cfd7577b0c,1.0,0.9999999999,0.8611841230414561,1.0,0.73,True,False,32.3917281627655,7687,0.01257835,20857
A3,d2efec11-7a38-49e4-8018-f96bc92a1a75,1.0,0.9999999999,0.7867727402110372,1.0,0.8,True,False,30.242576122283936,7647,0.01197145,23339
A3,6390597c-cb4b-48e7-b5f1-d342c043cd05,1.0,0.49999999995,0.9898524112016034,0.875,0.67,True,False,31.970622301101685,8148,0.013330799999999999,24763
A3,11f1bcb8-432b-47b8-9692-7590586e72d6,1.0,0.8055555555287036,0.9354636052187949,0.875,0.25,True,False,34.40909266471863,8152,0.0150052,24763
A3,85a65d37-b7a1-4bee-b985-eacd5a8b9e7c,1.0,0.99999999995,0.9240683984048237,0.9,0.75,True,False,30.363994598388672,8367,0.013239800000000001,24763
A3,ed333d45-0cfb-4287-9815-96e4d9fb5961,1.0,0.99999999995,0.8653803776935737,0.8,0.29,True,False,33.442177534103394,7931,0.0132452,24763
A3,bfb18cd1-3456-4cbd-ac7b-2b5ffb5314b7,1.0,0.19999999998,0.9657365353517767,0.9090909090909091,0.5,True,False,34.89612317085266,7435,0.01348595,24767
A3,97aa5705-f3ac-462d-badc-9769a8ace675,1.0,0.9999999999,0.866731007321082,0.75,0.75,True,False,29.730792760849,8654,0.013459699999999998,25000
A3,9219fad6-a1a9-4bea-a1c3-aab1b26bf9d1,1.0,0.9999999999,0.9403879262305129,1.0,0.33,True,False,35.618732929229736,7980,0.0144234,24998
A3,b1e91bd5-9834-4f01-8bdc-4a544dd3f3f4,1.0,0.8333333332916666,0.90545536885011,0.8333333333333334,0.75,True,False,33.60750460624695,7415,0.0119572,22344
A3,5b4672b8-3cdc-4d1b-977e-58f4e92ba4cb,1.0,0.49999999995,0.8984671571678956,0.8333333333333334,0.29,True,False,35.01127552986145,7676,0.01283305,22344
A3,97de5509-6bfe-4fe4-9158-46543f093add,1.0,0.9999999999,0.7360984454938676,0.9333333333333333,0.0,True,False,37.68893837928772,6911,0.014647849999999997,22445
A3,a20f039e-0194-4240-a688-a7e62d3550a6,1.0,0.9999999999,0.9478953836713695,0.75,0.67,True,False,33.27398872375488,7164,0.0115072,22444
A3,e474aee8-cb34-4f04-903c-1ba4a7b50db0,1.0,0.99999999995,0.7849654668401908,0.9,0.0,True,False,39.15023636817932,7408,0.013735800000000001,22343
A3,ff20610a-4945-4c3f-8dd8-e583b0c283af,1.0,0.9999999999,0.8482649886210469,0.8,0.55,True,False,28.45028853416443,8467,0.0129561,24999
A3,4f35baa4-b609-4e83-9347-1b2526d08f24,1.0,0.9999999999,0.8463838181564225,0.9375,0.76,True,False,35.838096380233765,7736,0.0155725,24999
A3,851e78c3-a993-42bc-b1d4-d4085d5547df,1.0,0.99999999995,0.9051147296358312,1.0,0.5,True,False,29.327267169952393,7247,0.010892549999999999,21313
A3,32d84f2c-49f2-4fdd-a96d-655161430b4c,1.0,0.49999999995,0.8505500286924927,1.0,0.86,True,False,29.42744755744934,8467,0.012970299999999999,24998
A3,5ae54223-038c-4c4d-bf57-3e86bb704227,1.0,0.49999999995,0.9620231173443233,0.75,0.4,True,False,30.610243320465088,8386,0.0132034,23981
A3,d98358d4-6a1b-464b-8b89-7ec6260cff23,0.5,0.9999999999,0.9605907600995665,0.7142857142857143,0.0,True,False,33.72396469116211,9391,0.014971350000000001,23981
A3,06b30361-1bfa-407e-9b78-9690745b9d1f,1.0,0.49999999995,0.9569568094476503,1.0,0.75,True,False,29.31635570526123,7730,0.0120537,23979
A3,69567c46-cb0c-4ab7-a378-be5f1980cf7e,0.0,0.0,0.0,0.75,0.25,False,True,30.851625442504883,8092,0.0122749,25000
A3,bb4ccac4-31c9-4518-b6a3-efbe81ce200f,0.0,0.0,0.0,0.8,0.0,False,True,30.83220672607422,8084,0.012520199999999999,24999
A3,ceaceaf9-0dd2-4355-bf9b-5c9aa7812b27,1.0,0.99999999995,0.8841428538663821,1.0,0.0,True,False,34.71823477745056,7933,0.013580900000000002,25000
A3,9e71f246-0928-4712-a5b2-df72ea1557c3,0.0,0.49999999995,0.948675562857803,0.8333333333333334,0.29,True,False,30.16439938545227,7263,0.01172375,22838
A3,66ce07d6-7817-4e68-bace-49d30456e6aa,1.0,0.9999999999,0.8478523100605567,0.8333333333333334,0.29,True,False,31.503079652786255,7472,0.012080050000000002,22838
A3,6bb8222a-7301-4800-8d89-fc7cb9abb5c1,1.0,0.99999999995,0.8752748982767691,1.0,0.67,True,False,28.696620225906372,8102,0.012587,25000
A3,4471ef9d-bb0b-48d2-b99a-95a6573a07a8,0.5,0.99999999995,0.9161995942134632,0.8333333333333334,0.53,True,False,32.349679470062256,7854,0.01302545,24999
A3,ad82ab23-b1ac-4f66-b25f-7ff19a55cade,1.0,0.9999999999,0.7958749195518161,0.8888888888888888,0.44,True,False,33.962987184524536,7901,0.0138407,25000
A3,c2a91850-e365-4d72-bb66-09723b02d41a,1.0,0.99999999995,0.9190452969903954,0.9166666666666666,0.17,True,True,37.667595624923706,7538,0.01638685,25000
A3,6f852288-75d9-4bd9-bc1e-ecec03d093b3,1.0,0.99999999995,0.8638472554821622,0.8,0.33,True,False,31.823870182037354,8017,0.0129336,25000
A3,9bed8837-0e48-4ced-aeb7-2d9ee80090eb,1.0,0.6999999999766667,0.9342152900473354,1.0,0.0,True,False,31.329589366912842,7881,0.0129729,24997
A3,751fcb88-83db-4e2a-b41d-b4a4f634293a,1.0,0.99999999998,0.9465846725872664,0.9375,0.4,False,False,38.187564849853516,7731,0.0163887,24998
A3,fbbaab7c-0d8e-4acb-999d-79b499067536,1.0,0.99999999998,0.923510751421594,0.9090909090909091,0.0,True,False,38.50603628158569,7917,0.01472815,24999
A3,9bf88c97-a8ce-47ff-b7cc-aaa5c65b9f4a,0.6666666666666666,0.3333333333,0.8534296529441171,0.875,0.0,True,False,24.586199283599854,7866,0.01331155,23190
A3,54d41af2-e6f2-4f23-8f4a-aec37e0ca252,1.0,0.99999999995,0.9550660394747016,0.8571428571428571,0.67,True,False,35.18905830383301,8429,0.015250599999999998,24999
A3,5e5c3604-57f0-44be-9dea-94c46df4ec8e,0.0,0.9999999999,0.9044115444707155,0.95,0.44,True,False,38.59337615966797,7839,0.0154414,23190
A3,8856078f-597b-44df-b505-12fecdf50e41,0.0,0.8333333332916666,0.9789190470210957,0.8823529411764706,0.83,True,False,36.28891897201538,7552,0.0156282,23190
A3,9aa10b67-6db5-4580-93e8-824c54d6566d,1.0,0.8874999999778125,0.9405582445385625,0.8333333333333334,0.33,True,False,34.426493644714355,7338,0.012815950000000001,23191
A3,14485ad2-d182-46ad-a032-4f8325a5f6d5,1.0,0.9999999999,0.9554261833279315,0.8571428571428571,0.8,True,False,126.87169408798218,8408,0.01511235,25000
A3,57e7d74e-9e36-41e9-b690-75aae6f7d31d,1.0,0.9999999999,0.9761873465205363,0.6666666666666666,0.67,True,False,30.528931856155396,8568,0.0129794,25000
A3,d0c20bbf-4ee5-476e-a4d4-9f853574edfc,1.0,0.99999999995,0.972263260851132,0.9090909090909091,0.53,True,False,37.152095794677734,8581,0.015981000000000002,25000
A3,ec346d29-a2dc-40ec-8ffb-9c788a4e4a4a,1.0,0.49999999995,0.960955052513524,0.8,0.33,True,False,44.76072597503662,8568,0.013951400000000001,25000
A3,f4396fc3-0a8c-450e-8362-d058fe3d0e64,0.5,0.9999999999,0.8842934379399908,0.7142857142857143,0.0,True,True,30.365138292312622,7984,0.012792900000000001,24998
A3,0a7c9388-b6c8-4b03-af53-efddf156d982,1.0,0.99999999995,0.9132676912120881,1.0,0.5,True,False,30.94657826423645,8518,0.013466849999999999,24999
A3,668fedec-94e4-416c-8950-80bb1ddce0d6,1.0,0.9999999999,0.9048428693334892,0.8571428571428571,0.29,True,True,31.9261736869812,7580,0.0131554,25000
A3,008d1f5e-b60f-4bbf-b4af-cfe17348818f,1.0,0.7499999999625,0.9368770992097473,0.8,0.0,True,False,31.20743227005005,7915,0.012862550000000002,24998
A3,562b4f9f-dcc7-443f-ad0a-035e3ecd82ee,1.0,0.3333333333,0.8131332111773968,0.9,0.88,True,False,33.858365058898926,8232,0.014783049999999999,24998
A3,9bc24ee8-8d5b-4ac0-9565-28a4bd231bee,0.9,0.19999999998,0.9132887026760802,1.0,0.0,True,False,36.50340270996094,8341,0.01575915,25000
A3,7ddeded7-3f51-4c22-a200-e2c33515349b,1.0,0.8041666666465626,0.9174659575700433,0.8461538461538461,0.25,True,False,32.248265981674194,8333,0.013994850000000001,25000
A3,d9342bc4-9e4d-422b-a60c-c0089237a458,0.0,0.8041666666465626,0.8748261897341347,0.8571428571428571,0.2,False,False,32.16930842399597,8301,0.01325525,25000
A3,5b80a317-7912-4780-9a94-e319e95fcf66,1.0,0.49999999995,0.9121668356560616,1.0,0.62,True,False,33.51595401763916,7050,0.0132804,22720
A3,f43e812e-ddf3-41a5-a975-c1e15f46b8dd,1.0,0.99999999995,0.8613726889894223,1.0,0.29,True,False,31.06101417541504,7449,0.01226875,24999
A3,d5cfdfc2-3c7d-424d-a924-420bb1de6852,1.0,0.9999999999,0.9474524521545411,0.8,0.89,True,False,29.908881664276123,7644,0.0116134,22722
A3,16ebc019-58e6-4227-ad65-80475d20eb41,1.0,0.9999999999,0.9065770403513506,0.9166666666666666,0.8,True,True,33.04018211364746,8792,0.01534435,24967
A3,7dc878fb-b988-4906-957c-cd6bb2026b54,1.0,0.249999999975,0.8218872371278065,0.8,0.67,True,False,30.043213844299316,7532,0.0117776,24134
A3,41ddf622-edd5-4c9b-bf06-1d8b97d5f15a,1.0,0.19999999998,0.8617863447517156,1.0,0.25,True,False,31.706012964248657,8353,0.01367215,25000
A3,40cc1cd3-1ff1-4f80-be81-b6f64f0f4c43,1.0,0.3333333333,0.8684497937769932,0.6666666666666666,0.5,True,False,29.762861251831055,7862,0.01201465,24134
A3,04e31836-1961-477c-9263-d3438806a6e0,1.0,0.99999999995,0.8465817492119991,0.9,0.55,True,False,35.52614450454712,7976,0.0139962,24134
A3,16a22171-31b1-46ee-864d-e45cd424d70c,0.0,0.0,0.0,0.5,0.0,False,True,31.46413779258728,7905,0.011702900000000002,24999
A3,c1e363c7-8d8c-49a3-905c-b558ac4833ce,1.0,0.19999999998,0.9089182815278048,0.9,0.4,True,False,34.73208808898926,7239,0.013424450000000001,24999
A3,874d36fe-1ecb-4d2d-8bc1-bbffafb1f977,0.0,0.0,0.9148794858788355,0.9285714285714286,0.0,False,True,32.87442326545715,7846,0.0137561,22138
A3,7ae1a685-d3a9-4c0a-819e-839ae61fd093,1.0,0.9999999999,0.9750353393804237,0.9,0.89,True,False,30.508240222930908,7914,0.0123516,24883
A3,83a8cae4-6b9f-4b10-bb7e-88289390bcab,1.0,0.9166666666361111,0.9480675894917768,0.8571428571428571,0.0,True,False,35.038055181503296,7880,0.01498225,24998
A3,5eed51cd-55da-4aac-b77a-44e50a6018a4,1.0,0.9999999999,0.8736854063400361,0.8181818181818182,0.4,True,False,31.457205057144165,8066,0.0130953,23334
A3,1eb360e6-cbe4-4de4-b419-b01ac50325a0,1.0,0.9999999999,0.8614628078310812,1.0,0.89,True,False,31.421613216400146,8182,0.013879150000000002,23334
A3,ba6113f3-d0b8-4192-a17a-d1e69283db08,1.0,0.99999999995,0.9164272072666387,0.8571428571428571,0.73,,False,31.96380066871643,7978,0.01338625,23334
A3,f267bb84-ee5d-4e07-97c1-87d9967f9a20,1.0,0.49999999995,0.8655057945754279,0.9166666666666666,0.78,,False,32.724257946014404,8916,0.01574865,24999
A3,3fcb7a72-4ae1-4ed3-9114-ad5aa99a4d87,0.5,0.9999999999,0.9066297261439935,0.875,0.6,,False,34.828787326812744,7812,0.014547700000000002,24992
A3,c8d473e3-ed87-4105-bc51-c19a9457ccd1,1.0,0.5333333333155555,0.9010483750593297,0.8333333333333334,0.67,True,False,31.83929133415222,8385,0.0145601,24989
A3,138ea29e-52d8-4844-9a16-a577fef42606,0.8,0.9999999999,0.9526002509708539,0.9090909090909091,0.62,True,False,33.829304456710815,7011,0.013935300000000001,22618
A3,fa999f46-f122-424f-b1d0-1ad284ef03f5,1.0,0.94999999997625,0.9496230897109139,0.7142857142857143,0.5,True,False,30.556801319122314,7901,0.01243275,24998
A3,04e9ba53-8f3e-4445-84b1-22cf37824f95,1.0,0.9999999999,0.820550833934037,0.8,0.4,True,False,31.57346749305725,7251,0.01182185,22618
A3,c9742d52-344f-4363-b151-e981bb5d81f1,1.0,0.9999999999,0.9622218343229473,1.0,0.57,True,False,31.932398796081543,8148,0.01313955,24998
A3,3397ae7a-cad6-4331-b744-968656e3a8f7,1.0,0.99999999995,0.914834789293594,0.8571428571428571,0.33,True,False,32.51668906211853,7887,0.013641,22619
A3,146dcb12-96c7-404d-b90a-e04073bd25dd,1.0,0.19999999998,0.9598551474094142,0.8888888888888888,0.36,True,False,38.85041904449463,7442,0.0148199,22618
A3,70ca5178-6463-4fc4-8919-ff68db5676af,1.0,0.9999999999,0.892389510899973,0.8888888888888888,0.0,True,False,36.240816831588745,8100,0.01474015,25000
A3,01948953-7d5b-4e53-9e6b-f7ef6b8630dc,1.0,0.9999999999,0.8649746474606385,0.9166666666666666,0.91,True,False,33.67962574958801,8131,0.0134147,24999
A3,ae780d4a-85bd-41ae-8a75-ce9bff08a2fc,1.0,0.9999999999,0.8838701872595797,0.8,0.33,True,False,30.357449293136597,7896,0.01258595,24331
A3,03608046-2bc3-4e78-8658-927b9937b474,1.0,0.99999999995,0.9281082636767856,1.0,0.8,True,False,31.654053211212158,8121,0.01380125,24998
A3,87fb88a5-8638-497e-9ecb-6a1a2f18fc92,1.0,0.7499999999625,0.7626742736887507,0.9285714285714286,0.47,True,False,36.31299138069153,8111,0.01448245,24331
A3,cc801098-eeb8-44fa-9191-7ee21cb9db6e,1.0,0.999999999975,0.8672873469922673,0.9,0.0,True,False,31.269603729248047,7876,0.01264695,23190
A4,2f37a8b7-c504-4767-870c-83334f8a6076,1.0,0.8666666666377778,0.8613345757825109,0.9166666666666666,0.2,True,False,15.075413227081299,19215,0.03333150000000001,64401
A4,6368e843-2814-4e03-908a-aa1510199361,1.0,0.9999999999,0.9340730341188774,0.8888888888888888,0.29,True,False,12.098968982696533,12142,0.0209951,42383
A4,35c6c84c-8f19-45af-96ef-9d5238c1991a,1.0,0.8055555555287036,0.9645039168434583,0.8333333333333334,0.57,,False,13.819575309753418,6156,0.01152755,18879
A4,134d2822-a8d4-4a83-ba81-c5461d009e0e,1.0,0.99999999995,0.8913725233416757,0.75,0.4,True,False,8.427664041519165,12000,0.018862049999999998,44344
A4,61b01463-74fd-446c-8757-c700dbfb480c,1.0,0.99999999995,0.8584968178720291,0.8,0.67,True,False,10.150598287582397,5668,0.010713700000000001,17767
A4,407143ef-4bf1-45ef-a76d-f565592c973b,1.0,0.3333333333,0.9036699523574977,1.0,0.4,True,False,6.343870639801025,3529,0.00559245,8999
A4,12cc0bbc-565c-4a83-86b9-b28ed3a323d0,1.0,0.99999999995,0.9602131095039046,1.0,0.82,True,False,8.899378299713135,4744,0.0080902,12787
A4,d4b6a331-52ba-4d46-97e4-9c2209f23766,1.0,0.9999999999,0.8689546300985146,0.8571428571428571,0.0,True,False,7.781489849090576,3600,0.0062403499999999995,8861
A4,9cd81ff8-ae29-4aa2-8eba-0f50c134188c,1.0,0.9999999999,0.7992624541755524,0.8,0.44,True,False,11.796304702758789,3038,0.007429549999999999,5898
A4,ae96dd5d-fab2-4328-b346-7a07dff3abfd,0.6666666666666666,0.9999999999666667,0.873553025058325,0.9285714285714286,0.5,True,False,13.024874210357666,5159,0.012997350000000001,14446
A4,f6f13ba8-8b0f-4809-be37-06f7ba582e27,1.0,0.3333333333,0.9723947955415786,0.8888888888888888,0.67,True,False,9.538637161254883,4945,0.0099657,12896
A4,c7ce785d-4ffa-4ca6-a9ac-b7904e9e471f,1.0,0.49999999995,0.9324607082547862,0.8333333333333334,0.44,True,False,9.847549200057983,4538,0.00804415,11102
A4,9d62258a-ff3a-48c0-be11-0f89fb4086d7,1.0,0.9999999999,0.9070673280399287,0.8888888888888888,0.89,True,False,9.956854343414307,4863,0.009350399999999998,12709
A4,106dddc7-a09d-43a2-93dc-1bafaf510e68,1.0,0.249999999975,0.8622893487752629,0.75,0.29,True,False,9.678133010864258,4829,0.00880935,12136
A4,c6b779de-ecf3-4ba5-b03a-5d82b0392285,1.0,0.249999999975,0.942673426072065,0.875,0.0,True,False,9.806719064712524,5246,0.01029215,13842
A4,da9c57ce-7b06-4c04-b44f-99cfd7577b0c,0.8,0.999999999975,0.8611841230414561,0.875,0.67,True,False,10.509708881378174,5538,0.00951985,12416
A4,d2efec11-7a38-49e4-8018-f96bc92a1a75,1.0,0.999999999975,0.7867727402110372,1.0,0.91,True,False,7.45481276512146,5508,0.00873295,12416
A4,6390597c-cb4b-48e7-b5f1-d342c043cd05,1.0,0.99999999998,0.9898524112016034,0.8333333333333334,0.75,True,False,8.170742750167847,11457,0.0177993,42965
A4,11f1bcb8-432b-47b8-9692-7590586e72d6,1.0,0.99999999998,0.8882784285651427,1.0,0.2,True,False,9.870218753814697,11461,0.018768700000000003,42965
A4,85a65d37-b7a1-4bee-b985-eacd5a8b9e7c,1.0,0.99999999998,0.9434819643370583,1.0,0.94,True,False,6.879751205444336,11496,0.0174008,42965
A4,ed333d45-0cfb-4287-9815-96e4d9fb5961,1.0,0.99999999998,0.885022553316294,1.0,0.0,True,False,8.46744680404663,11481,0.017925200000000002,42965
A4,bfb18cd1-3456-4cbd-ac7b-2b5ffb5314b7,1.0,0.99999999998,0.9654731783985814,0.9,0.25,True,False,9.291749477386475,11485,0.01872095,42965
A4,97aa5705-f3ac-462d-badc-9769a8ace675,1.0,0.99999999998,0.866731007321082,1.0,0.4,True,False,7.234516620635986,11491,0.0172952,42965
A4,9219fad6-a1a9-4bea-a1c3-aab1b26bf9d1,1.0,0.99999999998,0.9404327970565921,1.0,0.67,True,False,9.247307777404785,13371,0.0208449,51810
A4,b1e91bd5-9834-4f01-8bdc-4a544dd3f3f4,1.0,0.99999999998,0.902878765296036,0.8,0.75,True,False,9.316791772842407,13313,0.0207442,51810
A4,5b4672b8-3cdc-4d1b-977e-58f4e92ba4cb,0.0,0.99999999998,0.9051698775378818,1.0,0.44,True,False,11.034080982208252,13344,0.02163505,51810
A4,97de5509-6bfe-4fe4-9158-46543f093add,1.0,0.99999999998,0.7645903825046879,1.0,0.0,True,False,13.602397441864014,13322,0.023469349999999996,51810
A4,a20f039e-0194-4240-a688-a7e62d3550a6,1.0,0.99999999998,0.803924185521462,0.6666666666666666,0.4,True,False,9.507047653198242,13289,0.021077199999999997,51810
A4,e474aee8-cb34-4f04-903c-1ba4a7b50db0,1.0,0.99999999998,0.8160594898441226,0.8333333333333334,0.0,True,False,11.148011922836304,13320,0.0216738,51810
A4,ff20610a-4945-4c3f-8dd8-e583b0c283af,1.0,0.249999999975,0.9000640470831855,0.9375,0.22,True,False,11.760680675506592,6224,0.013326600000000001,20999
A4,4f35baa4-b609-4e83-9347-1b2526d08f24,1.0,0.99999999998,0.7855786313344191,0.9375,0.53,True,False,13.092512369155884,6354,0.014137,21140
A4,851e78c3-a993-42bc-b1d4-d4085d5547df,0.5,0.99999999998,0.8255017220201033,1.0,0.5,True,False,5.877899885177612,6319,0.009238049999999998,21140
A4,32d84f2c-49f2-4fdd-a96d-655161430b4c,1.0,0.99999999998,0.9511162030785926,1.0,1.0,True,False,6.6882874965667725,31148,0.046781800000000005,67620
A4,5ae54223-038c-4c4d-bf57-3e86bb704227,0.0,0.99999999998,0.9288285682467136,0.8,0.86,True,False,6.910950183868408,31152,0.0473224,67620
A4,d98358d4-6a1b-464b-8b89-7ec6260cff23,0.5,0.99999999998,0.9723094544578029,0.75,0.57,True,False,8.027653694152832,31138,0.047396850000000004,67620
A4,06b30361-1bfa-407e-9b78-9690745b9d1f,0.0,0.99999999998,0.8812056008895192,1.0,0.8,True,False,6.570760726928711,31090,0.0466737,67620
A4,69567c46-cb0c-4ab7-a378-be5f1980cf7e,0.5,0.8055555555287036,0.9489351075165955,0.6666666666666666,0.57,True,False,8.305126428604126,20404,0.0314929,45231
A4,bb4ccac4-31c9-4518-b6a3-efbe81ce200f,0.0,0.99999999998,0.9698854814048978,0.8,0.75,True,False,7.170196294784546,31113,0.047206200000000004,67620
A4,ceaceaf9-0dd2-4355-bf9b-5c9aa7812b27,0.0,0.49999999995,0.9091518588885723,0.9166666666666666,0.0,True,False,9.320464134216309,2558,0.0059834,3620
A4,9e71f246-0928-4712-a5b2-df72ea1557c3,1.0,0.9999999999,0.9041565174090582,0.75,0.33,True,False,7.690961837768555,2562,0.00435725,3722
A4,66ce07d6-7817-4e68-bace-49d30456e6aa,0.0,0.9999999999,0.859414324605552,0.6666666666666666,0.44,True,False,7.182092905044556,2893,0.004686549999999999,5518
A4,6bb8222a-7301-4800-8d89-fc7cb9abb5c1,0.5,0.9999999999,0.8872766773747444,1.0,0.4,True,False,6.425543785095215,9549,0.0146825,34768
A4,4471ef9d-bb0b-48d2-b99a-95a6573a07a8,0.5,0.99999999995,0.89823707575219,0.8181818181818182,0.0,True,False,8.9023756980896,2639,0.00569795,4472
A4,ad82ab23-b1ac-4f66-b25f-7ff19a55cade,0.5,0.8333333332916666,0.7937030419015062,0.7777777777777778,0.29,True,False,8.36509108543396,2646,0.005050699999999999,4311
A4,c2a91850-e365-4d72-bb66-09723b02d41a,1.0,0.9999999999,0.9126237744669645,0.8571428571428571,0.33,True,False,9.97049331665039,3879,0.00849085,10650
A4,6f852288-75d9-4bd9-bc1e-ecec03d093b3,1.0,0.99999999995,0.8645935438524138,1.0,0.5,True,False,7.360461473464966,3856,0.0062196000000000005,9619
A4,9bed8837-0e48-4ced-aeb7-2d9ee80090eb,0.5,0.7555555555303703,0.943246252552316,0.8,0.57,True,False,11.149596929550171,3600,0.0073014,8009
A4,751fcb88-83db-4e2a-b41d-b4a4f634293a,0.6666666666666666,0.99999999998,0.9569361512647043,0.8333333333333334,0.4,False,False,11.795738220214844,4299,0.0100257,12724
A4,fbbaab7c-0d8e-4acb-999d-79b499067536,1.0,0.99999999998,0.9092641894886367,0.8571428571428571,0.0,True,False,14.755851984024048,3781,0.010466650000000001,9113
A4,9bf88c97-a8ce-47ff-b7cc-aaa5c65b9f4a,0.3333333333333333,0.99999999998,0.8352265559845405,0.8,0.0,False,False,11.64928674697876,12850,0.02089255,44605
A4,54d41af2-e6f2-4f23-8f4a-aec37e0ca252,1.0,0.99999999998,0.950934448607709,0.8,0.57,False,False,10.351703643798828,12858,0.020581600000000002,44605
A4,5e5c3604-57f0-44be-9dea-94c46df4ec8e,0.0,0.0,0.876836775288198,0.8888888888888888,0.59,False,False,7.881412506103516,12813,0.019909899999999998,44605
A4,8856078f-597b-44df-b505-12fecdf50e41,0.0,0.99999999998,0.9166799105250174,0.9375,0.79,False,False,13.013460636138916,12808,0.0218397,44605
A4,9aa10b67-6db5-4580-93e8-824c54d6566d,1.0,0.99999999998,0.9501048776106756,0.8,0.25,True,False,9.728991270065308,10722,0.017434449999999997,36350
A4,14485ad2-d182-46ad-a032-4f8325a5f6d5,1.0,0.49999999995,0.9547552486895966,0.8571428571428571,0.73,True,False,8.630788564682007,3751,0.00700935,8047
A4,57e7d74e-9e36-41e9-b690-75aae6f7d31d,0.0,0.0,0.0,0.0,0.0,False,True,10.493501663208008,12843,0.0194144,44605
A4,d0c20bbf-4ee5-476e-a4d4-9f853574edfc,0.0,0.0,0.0,0.6666666666666666,0.0,False,True,7.699195146560669,10786,0.016318500000000003,36058
A4,ec346d29-a2dc-40ec-8ffb-9c788a4e4a4a,0.0,0.0,0.0,0.5,0.0,False,True,7.639864921569824,10773,0.0161864,36058
A4,f4396fc3-0a8c-450e-8362-d058fe3d0e64,1.0,0.49999999995,0.8901506597748629,0.6,0.0,True,True,6.974319934844971,3435,0.0057444,7346
A4,0a7c9388-b6c8-4b03-af53-efddf156d982,1.0,0.49999999995,0.9178708687662382,0.75,0.57,True,False,8.320339679718018,2712,0.004637850000000001,4634
A4,668fedec-94e4-416c-8950-80bb1ddce0d6,0.0,0.0,0.871210687289958,0.8,0.22,False,False,9.722796440124512,3509,0.0065089,8562
A4,008d1f5e-b60f-4bbf-b4af-cfe17348818f,1.0,0.19999999998,0.9374785735808691,1.0,0.0,False,False,10.2706298828125,3396,0.006871550000000001,8443
A4,562b4f9f-dcc7-443f-ad0a-035e3ecd82ee,1.0,0.49999999995,0.9234184354103918,0.8888888888888888,0.8,True,False,10.296437740325928,3317,0.007095549999999999,6832
A4,9bc24ee8-8d5b-4ac0-9565-28a4bd231bee,0.9,0.3333333333,0.8961339378361065,0.9,0.0,True,False,10.589524507522583,22488,0.03613965000000001,94314
A4,7ddeded7-3f51-4c22-a200-e2c33515349b,1.0,0.99999999995,0.8918872756148768,0.8333333333333334,0.33,False,False,8.011643648147583,3083,0.00545235,5492
A4,d9342bc4-9e4d-422b-a60c-c0089237a458,1.0,0.249999999975,0.7643649840899426,0.6,0.29,False,False,8.220844984054565,2797,0.0043542500000000005,5413
A4,5b80a317-7912-4780-9a94-e319e95fcf66,1.0,0.49999999995,0.9134316542732523,0.9230769230769231,0.67,True,False,8.325336933135986,2595,0.005817900000000001,4941
A4,f43e812e-ddf3-41a5-a975-c1e15f46b8dd,1.0,0.9999999999,0.8545608814310549,0.8,0.0,True,False,7.854592800140381,5054,0.008548749999999999,15702
A4,d5cfdfc2-3c7d-424d-a924-420bb1de6852,0.0,0.9999999999666667,0.9497511658538409,0.8333333333333334,0.8,True,False,7.103789567947388,5021,0.0078589,15049
A4,16ebc019-58e6-4227-ad65-80475d20eb41,0.8571428571428571,0.49999999995,0.9065770403513506,0.875,0.86,True,True,7.390225172042847,6869,0.011244849999999999,21026
A4,7dc878fb-b988-4906-957c-cd6bb2026b54,0.0,0.0,0.8084548754577174,0.0,0.0,False,False,7.558387756347656,3785,0.0056771,9250
A4,41ddf622-edd5-4c9b-bf06-1d8b97d5f15a,1.0,0.49999999995,0.899647708798177,0.8888888888888888,0.22,False,False,8.643315553665161,3507,0.00667315,8163
A4,40cc1cd3-1ff1-4f80-be81-b6f64f0f4c43,0.0,0.0,0.0,0.5,0.0,False,True,7.3143980503082275,3414,0.00496765,7778
A4,04e31836-1961-477c-9263-d3438806a6e0,1.0,0.9999999999,0.8356853269294723,0.875,0.57,True,False,9.12571382522583,3348,0.0063192,7829
A4,16a22171-31b1-46ee-864d-e45cd424d70c,0.0,0.5333333333155555,0.9803542283290594,0.875,0.8,True,False,8.448776245117188,21717,0.033635899999999996,88231
A4,c1e363c7-8d8c-49a3-905c-b558ac4833ce,0.0,0.0,0.89433631243917,0.8571428571428571,0.0,False,False,11.593157529830933,27648,0.04257545,120456
A4,874d36fe-1ecb-4d2d-8bc1-bbffafb1f977,0.75,0.49999999995,0.9096386891426073,0.8571428571428571,0.91,True,False,6.673269510269165,3825,0.0058721,8286
A4,7ae1a685-d3a9-4c0a-819e-839ae61fd093,1.0,0.3333333333,0.9776033325701983,0.8,0.89,True,False,6.9635169506073,5349,0.008624099999999999,14950
A4,83a8cae4-6b9f-4b10-bb7e-88289390bcab,0.0,0.0,0.0,0.75,0.0,False,True,9.339638710021973,8996,0.01387375,30460
A4,5eed51cd-55da-4aac-b77a-44e50a6018a4,1.0,0.99999999998,0.8792445857714144,0.8,0.4,True,False,10.537779808044434,18279,0.028954800000000003,67100
A4,1eb360e6-cbe4-4de4-b419-b01ac50325a0,1.0,0.99999999998,0.9015723177966689,1.0,0.86,True,False,8.27785873413086,18274,0.02916715,67100
A4,ba6113f3-d0b8-4192-a17a-d1e69283db08,1.0,0.99999999998,0.8939987970160209,0.8333333333333334,0.73,,False,9.364254713058472,18313,0.02906125,67100
A4,f267bb84-ee5d-4e07-97c1-87d9967f9a20,1.0,0.99999999998,0.9346883144089078,1.0,0.89,,False,9.71193265914917,18324,0.029028150000000003,67100
A4,3fcb7a72-4ae1-4ed3-9114-ad5aa99a4d87,1.0,0.99999999998,0.899530601685423,0.8333333333333334,0.57,,False,8.690355062484741,18271,0.0283462,67100
A4,c8d473e3-ed87-4105-bc51-c19a9457ccd1,1.0,0.99999999998,0.8879414764186009,0.7142857142857143,0.73,True,False,8.93304967880249,18321,0.0288941,67100
A4,138ea29e-52d8-4844-9a16-a577fef42606,0.8,0.99999999998,0.8876240099743359,0.875,0.86,True,False,9.949649333953857,9008,0.0149358,30460
A4,fa999f46-f122-424f-b1d0-1ad284ef03f5,1.0,0.99999999998,0.8844997399374038,0.8888888888888888,0.44,True,False,7.276519536972046,8989,0.01446975,30460
A4,04e9ba53-8f3e-4445-84b1-22cf37824f95,1.0,0.99999999998,0.823417584421445,1.0,0.0,True,False,8.10816478729248,9008,0.014457349999999999,30460
A4,c9742d52-344f-4363-b151-e981bb5d81f1,1.0,0.99999999998,0.9599388613102772,1.0,0.33,True,False,8.760858535766602,9024,0.01474605,30460
A4,3397ae7a-cad6-4331-b744-968656e3a8f7,1.0,0.99999999998,0.9092117981323913,0.75,0.4,True,False,7.377898693084717,9051,0.0143295,30460
A4,146dcb12-96c7-404d-b90a-e04073bd25dd,1.0,0.6791666666496875,0.9651375165488453,0.9166666666666666,0.4,True,False,14.525931119918823,7800,0.0163844,25439
A4,70ca5178-6463-4fc4-8919-ff68db5676af,1.0,0.99999999998,0.8920663536523622,0.875,0.67,True,False,9.25616979598999,4842,0.00862315,13610
A4,01948953-7d5b-4e53-9e6b-f7ef6b8630dc,1.0,0.99999999998,0.8795194569605396,0.9166666666666666,0.5,True,False,8.4048752784729,4892,0.0090587,13610
A4,ae780d4a-85bd-41ae-8a75-ce9bff08a2fc,1.0,0.99999999998,0.9586697258471589,1.0,0.8,True,False,8.522666215896606,4885,0.00824945,13610
A4,03608046-2bc3-4e78-8658-927b9937b474,1.0,0.99999999998,0.9019246980458958,0.8333333333333334,0.8,True,False,9.922649621963501,4831,0.008791249999999999,13610
A4,87fb88a5-8638-497e-9ecb-6a1a2f18fc92,1.0,0.99999999998,0.9088552046437939,0.9285714285714286,0.25,True,False,11.041489124298096,4890,0.009658449999999997,13610
A4,cc801098-eeb8-44fa-9191-7ee21cb9db6e,1.0,0.99999999998,0.8668909319433273,1.0,0.0,True,False,7.578332185745239,12860,0.01983045,44605
B0x,2f37a8b7-c504-4767-870c-83334f8a6076,0.3333333333333333,0.19999999998,0.8456197471506623,0.6363636363636364,0.24,False,False,19.789308071136475,2951,0.008343,4999
B0x,6368e843-2814-4e03-908a-aa1510199361,1.0,0.9166666666361111,0.9056278628539848,0.875,0.0,True,False,10.846127033233643,2982,0.0062651,4998
B0x,35c6c84c-8f19-45af-96ef-9d5238c1991a,1.0,0.99999999995,0.962419303648731,0.8,0.75,,False,10.478219509124756,2864,0.00567455,4999
B0x,134d2822-a8d4-4a83-ba81-c5461d009e0e,0.8,0.9999999999,0.8932527016202514,0.6666666666666666,0.0,False,False,10.798233270645142,2875,0.00617205,4999
B0x,61b01463-74fd-446c-8757-c700dbfb480c,1.0,0.49999999995,0.8138089637283066,0.8888888888888888,0.75,False,False,11.195441722869873,2934,0.0070777,4998
B0x,407143ef-4bf1-45ef-a76d-f565592c973b,1.0,0.9999999999,0.9063490416181755,1.0,0.4,True,False,8.040189504623413,2863,0.00475845,4999
B0x,12cc0bbc-565c-4a83-86b9-b28ed3a323d0,0.0,0.0,0.0,0.3333333333333333,0.0,False,True,8.088088274002075,2908,0.004316199999999999,4999
B0x,d4b6a331-52ba-4d46-97e4-9c2209f23766,1.0,0.49999999995,0.8773236393482463,1.0,0.5,True,False,7.467496395111084,2853,0.004894849999999999,4999
B0x,9cd81ff8-ae29-4aa2-8eba-0f50c134188c,1.0,0.249999999975,0.7626069938733698,0.9,0.44,True,False,8.615673303604126,2854,0.00554855,4997
B0x,ae96dd5d-fab2-4328-b346-7a07dff3abfd,0.3333333333333333,0.4499999999775,0.7339532880582836,0.9,0.29,False,False,16.365203619003296,2874,0.00820485,5000
B0x,f6f13ba8-8b0f-4809-be37-06f7ba582e27,1.0,0.9999999999,0.9113115404330261,0.8888888888888888,0.0,False,False,11.044923305511475,2895,0.006538199999999999,4997
B0x,c7ce785d-4ffa-4ca6-a9ac-b7904e9e471f,1.0,0.9999999999,0.9353268407405945,0.8333333333333334,0.6,True,False,9.368797779083252,2842,0.00529765,4998
B0x,9d62258a-ff3a-48c0-be11-0f89fb4086d7,1.0,0.19999999998,0.9010910356178372,0.8888888888888888,0.8,False,False,10.380674123764038,2878,0.006462899999999999,4998
B0x,106dddc7-a09d-43a2-93dc-1bafaf510e68,0.6666666666666666,0.9999999999,0.8957252656627529,0.8888888888888888,0.62,False,False,11.496862649917603,3050,0.0062308500000000005,4999
B0x,c6b779de-ecf3-4ba5-b03a-5d82b0392285,1.0,0.9999999999,0.9548144534845866,0.875,0.0,False,False,9.999238014221191,3031,0.0069771500000000005,4999
B0x,da9c57ce-7b06-4c04-b44f-99cfd7577b0c,0.2,0.0,0.8537747674902785,0.8571428571428571,0.22,False,False,11.164779424667358,3237,0.00522085,4994
B0x,d2efec11-7a38-49e4-8018-f96bc92a1a75,1.0,0.9999999999,0.7867727402110372,1.0,0.75,True,False,7.076627969741821,3191,0.005114949999999999,4993
B0x,6390597c-cb4b-48e7-b5f1-d342c043cd05,1.0,0.9999999999,0.9898524112016034,0.8333333333333334,0.57,True,False,9.857946634292603,2837,0.0049743,4997
B0x,11f1bcb8-432b-47b8-9692-7590586e72d6,0.5,0.19999999998,0.0,0.8,0.0,False,True,9.467356204986572,2915,0.0048021999999999995,4999
B0x,85a65d37-b7a1-4bee-b985-eacd5a8b9e7c,1.0,0.49999999995,0.8652740370035095,0.9,0.95,True,False,7.153054475784302,3059,0.0051728,4998
B0x,ed333d45-0cfb-4287-9815-96e4d9fb5961,1.0,0.8666666666377778,0.9318523785441686,0.8571428571428571,0.4,True,False,12.241322755813599,2863,0.0063107,4999
B0x,bfb18cd1-3456-4cbd-ac7b-2b5ffb5314b7,0.5,0.249999999975,0.8851844575126727,0.8333333333333334,0.75,True,False,7.322686433792114,2905,0.0054909500000000005,5000
B0x,97aa5705-f3ac-462d-badc-9769a8ace675,1.0,0.99999999995,0.866731007321082,0.75,0.5,True,False,7.914848327636719,3038,0.004885700000000001,4998
B0x,9219fad6-a1a9-4bea-a1c3-aab1b26bf9d1,1.0,0.49999999995,0.9404685747659152,0.75,0.57,True,False,10.490648746490479,3094,0.0056768999999999995,4999
B0x,b1e91bd5-9834-4f01-8bdc-4a544dd3f3f4,1.0,0.49999999995,0.8061249255233669,0.8,0.8,False,False,11.254350423812866,2915,0.0057922,4999
B0x,5b4672b8-3cdc-4d1b-977e-58f4e92ba4cb,1.0,0.3333333333,0.8250755646436797,1.0,0.77,False,False,11.297003746032715,3005,0.005924049999999999,5000
B0x,97de5509-6bfe-4fe4-9158-46543f093add,0.8333333333333334,0.0,0.799603595503954,0.875,0.48,False,False,15.794537782669067,2940,0.00713885,5000
B0x,a20f039e-0194-4240-a688-a7e62d3550a6,1.0,0.49999999995,0.803924185521462,1.0,0.5,True,False,10.411258697509766,2889,0.0047797,4999
B0x,e474aee8-cb34-4f04-903c-1ba4a7b50db0,1.0,0.9999999999,0.7849654668401908,0.7142857142857143,0.73,True,False,12.147443056106567,2944,0.006079799999999999,5000
B0x,ff20610a-4945-4c3f-8dd8-e583b0c283af,0.5,0.9999999999,0.7456012942135546,0.8571428571428571,0.33,False,False,12.141769170761108,3167,0.0064761,4995
B0x,4f35baa4-b609-4e83-9347-1b2526d08f24,0.5,0.9999999999,0.8515455473163958,0.9230769230769231,0.35,False,False,11.930751323699951,3258,0.007513000000000001,4993
B0x,851e78c3-a993-42bc-b1d4-d4085d5547df,0.5,0.7499999999625,0.8100412834224083,0.8,0.44,True,False,6.666055202484131,3229,0.00499305,4994
B0x,32d84f2c-49f2-4fdd-a96d-655161430b4c,1.0,0.9999999999,0.9393420514222103,0.6666666666666666,0.5,False,False,7.005627870559692,3154,0.0053233,4360
B0x,5ae54223-038c-4c4d-bf57-3e86bb704227,1.0,0.249999999975,0.9603935382211408,0.75,0.4,False,False,7.714140176773071,3220,0.0055519,4999
B0x,d98358d4-6a1b-464b-8b89-7ec6260cff23,0.5,0.9999999999,0.9514072703528218,0.75,0.0,True,False,9.328364372253418,3220,0.00575235,4959
B0x,06b30361-1bfa-407e-9b78-9690745b9d1f,0.0,0.0,0.0,0.5,0.0,False,True,7.670196771621704,3126,0.0043602,4960
B0x,69567c46-cb0c-4ab7-a378-be5f1980cf7e,0.5,0.19999999998,0.9361574787672009,0.6666666666666666,0.57,False,False,6.700465440750122,3034,0.004875399999999999,4998
B0x,bb4ccac4-31c9-4518-b6a3-efbe81ce200f,0.0,0.0,0.0,0.6,0.22,False,True,6.615816593170166,3084,0.0048177,4999
B0x,ceaceaf9-0dd2-4355-bf9b-5c9aa7812b27,0.0,0.4166666666458333,0.8764346747025488,0.875,0.0,True,False,7.831818342208862,2935,0.0056414,4997
B0x,9e71f246-0928-4712-a5b2-df72ea1557c3,1.0,0.9999999999666667,0.8992744050365145,0.8333333333333334,0.44,True,False,6.423247337341309,2909,0.00523025,4998
B0x,66ce07d6-7817-4e68-bace-49d30456e6aa,1.0,0.999999999975,0.853521248099671,0.8888888888888888,0.33,True,False,12.84781002998352,3025,0.00658705,4998
B0x,6bb8222a-7301-4800-8d89-fc7cb9abb5c1,1.0,0.99999999995,0.94699248988395,0.6666666666666666,0.86,True,False,9.754972219467163,2777,0.0055895,4999
B0x,4471ef9d-bb0b-48d2-b99a-95a6573a07a8,0.5,0.6999999999766667,0.9006469413225823,0.6666666666666666,0.29,True,False,7.250961780548096,2864,0.00489545,4996
B0x,ad82ab23-b1ac-4f66-b25f-7ff19a55cade,0.5,0.8333333332916666,0.8028414726126564,0.8888888888888888,0.4,True,False,9.201878547668457,3008,0.005938699999999999,4998
B0x,c2a91850-e365-4d72-bb66-09723b02d41a,0.0,0.0,0.0,0.8571428571428571,0.0,False,True,10.256909132003784,2795,0.005282350000000001,5000
B0x,6f852288-75d9-4bd9-bc1e-ecec03d093b3,1.0,0.7499999999625,0.8558640158512704,0.8,0.67,True,False,9.262885332107544,2893,0.0053825999999999995,4998
B0x,9bed8837-0e48-4ced-aeb7-2d9ee80090eb,1.0,0.499999999975,0.8968232105239959,0.8333333333333334,0.4,True,False,9.546120405197144,2878,0.0054684,4996
B0x,751fcb88-83db-4e2a-b41d-b4a4f634293a,1.0,0.6999999999766667,0.9569361512647043,0.875,0.71,False,False,11.44303846359253,2825,0.0070572,4999
B0x,fbbaab7c-0d8e-4acb-999d-79b499067536,1.0,0.6791666666496875,0.8887099673791058,0.8571428571428571,0.0,True,False,12.291995525360107,2906,0.00740665,4999
B0x,9bf88c97-a8ce-47ff-b7cc-aaa5c65b9f4a,0.3333333333333333,0.9999999999,0.7849026717134499,0.5,0.22,True,False,9.184726476669312,3025,0.0050300499999999995,4999
B0x,54d41af2-e6f2-4f23-8f4a-aec37e0ca252,1.0,0.9999999999666667,0.9605919780977722,0.8571428571428571,0.55,True,False,8.61156964302063,2997,0.005940099999999999,4997
B0x,5e5c3604-57f0-44be-9dea-94c46df4ec8e,0.0,0.49999999995,0.9044115444707155,0.85,0.25,True,False,11.35715937614441,2980,0.0069604,4998
B0x,8856078f-597b-44df-b505-12fecdf50e41,0.0,0.249999999975,0.9754328476986894,0.9444444444444444,0.79,False,False,16.11989974975586,2926,0.0116217,4998
B0x,9aa10b67-6db5-4580-93e8-824c54d6566d,1.0,0.94999999997625,0.9405582445385625,0.8888888888888888,0.4,True,False,9.236512660980225,2915,0.00559645,5000
B0x,14485ad2-d182-46ad-a032-4f8325a5f6d5,1.0,0.49999999995,0.9549265934962854,0.8571428571428571,0.73,True,False,11.702333927154541,3232,0.007055850000000001,4998
B0x,57e7d74e-9e36-41e9-b690-75aae6f7d31d,1.0,0.9999999999,0.9467096657850577,0.8,0.67,False,False,10.692337989807129,3230,0.0055274,5000
B0x,d0c20bbf-4ee5-476e-a4d4-9f853574edfc,0.0,0.49999999995,0.9784438861853603,0.8333333333333334,0.22,False,False,13.092344760894775,3235,0.006477,5000
B0x,ec346d29-a2dc-40ec-8ffb-9c788a4e4a4a,1.0,0.499999999975,0.9003977647622158,0.8333333333333334,0.4,True,False,7.0138771533966064,3256,0.0054583999999999995,4999
B0x,f4396fc3-0a8c-450e-8362-d058fe3d0e64,1.0,0.9999999999,0.8807690657323427,0.8,0.22,False,False,9.344505548477173,2945,0.005796900000000001,4998
B0x,0a7c9388-b6c8-4b03-af53-efddf156d982,1.0,0.49999999995,0.8952921869662122,1.0,0.0,False,False,7.342876672744751,2819,0.00515835,4999
B0x,668fedec-94e4-416c-8950-80bb1ddce0d6,0.0,0.0,0.909831565970208,0.8888888888888888,0.36,False,False,7.814028024673462,2785,0.0049279,4997
B0x,008d1f5e-b60f-4bbf-b4af-cfe17348818f,0.0,0.0,0.8583692051409768,0.8571428571428571,0.0,False,True,13.219716310501099,2680,0.0056025499999999995,5000
B0x,562b4f9f-dcc7-443f-ad0a-035e3ecd82ee,1.0,0.49999999995,0.7946656493325989,0.8181818181818182,0.25,False,False,11.854039430618286,2941,0.00689155,5000
B0x,9bc24ee8-8d5b-4ac0-9565-28a4bd231bee,0.7,0.19999999998,0.9077008147179514,0.9285714285714286,0.0,False,False,12.69795560836792,3205,0.007245150000000001,5000
B0x,7ddeded7-3f51-4c22-a200-e2c33515349b,1.0,0.5333333333155555,0.836830901566319,0.7777777777777778,0.5,False,False,7.340879917144775,3231,0.00554685,5000
B0x,d9342bc4-9e4d-422b-a60c-c0089237a458,0.0,0.0,0.0,0.3333333333333333,0.0,False,True,8.22917914390564,2806,0.004420250000000001,4999
B0x,5b80a317-7912-4780-9a94-e319e95fcf66,1.0,0.3333333333,0.8738162168186144,0.875,0.93,True,False,7.657955646514893,2733,0.004704900000000001,4999
B0x,f43e812e-ddf3-41a5-a975-c1e15f46b8dd,1.0,0.49999999995,0.8613726889894223,0.8333333333333334,0.29,True,False,8.134790182113647,2754,0.00500875,5000
B0x,d5cfdfc2-3c7d-424d-a924-420bb1de6852,1.0,0.499999999975,0.9335279655402,1.0,0.89,False,False,6.311589956283569,2783,0.0042619,5000
B0x,16ebc019-58e6-4227-ad65-80475d20eb41,0.8571428571428571,0.249999999975,0.8998118659509889,0.9230769230769231,0.67,True,True,9.25644326210022,2911,0.00680785,4999
B0x,7dc878fb-b988-4906-957c-cd6bb2026b54,1.0,0.7555555555303703,0.8819469841988604,0.8333333333333334,0.5,False,False,7.51474666595459,2838,0.004556599999999999,4998
B0x,41ddf622-edd5-4c9b-bf06-1d8b97d5f15a,0.0,0.0,0.0,0.5,0.0,False,True,6.680881023406982,3054,0.00439615,4999
B0x,40cc1cd3-1ff1-4f80-be81-b6f64f0f4c43,1.0,0.3333333333,0.9414360334719496,0.8,0.0,True,False,11.435518503189087,3034,0.00574015,4999
B0x,04e31836-1961-477c-9263-d3438806a6e0,0.0,0.0,0.9217557732453674,1.0,0.0,False,False,12.754196882247925,2817,0.006130200000000001,4999
B0x,16a22171-31b1-46ee-864d-e45cd424d70c,0.3333333333333333,0.0,0.9677635393940981,0.8333333333333334,0.17,False,False,10.126062631607056,2892,0.0051734,4339
B0x,c1e363c7-8d8c-49a3-905c-b558ac4833ce,1.0,0.249999999975,0.890803562924783,0.875,0.5,True,False,8.770246267318726,2713,0.00524795,5000
B0x,874d36fe-1ecb-4d2d-8bc1-bbffafb1f977,1.0,0.49999999995,0.970797534799852,0.8333333333333334,0.8,True,False,7.382578372955322,2961,0.0049061,4997
B0x,7ae1a685-d3a9-4c0a-819e-839ae61fd093,1.0,0.3333333333,0.9723969533882365,0.8,0.89,True,False,7.080106019973755,2996,0.005139599999999999,4999
B0x,83a8cae4-6b9f-4b10-bb7e-88289390bcab,1.0,0.19999999998,0.9508185373088751,0.8,0.0,True,False,15.932064056396484,2876,0.00806125,4998
B0x,5eed51cd-55da-4aac-b77a-44e50a6018a4,1.0,0.99999999995,0.8610177875078328,0.875,0.57,True,False,8.479551792144775,3323,0.006138299999999999,4997
B0x,1eb360e6-cbe4-4de4-b419-b01ac50325a0,1.0,0.249999999975,0.8631476795221761,0.9,0.88,True,False,10.419941902160645,3318,0.00692065,4997
B0x,ba6113f3-d0b8-4192-a17a-d1e69283db08,1.0,0.8333333332916666,0.8911372889783403,0.8571428571428571,0.73,,False,10.728934526443481,3087,0.005862250000000001,4998
B0x,f267bb84-ee5d-4e07-97c1-87d9967f9a20,1.0,0.9999999999,0.8872292006716737,0.9166666666666666,0.78,,False,12.440529584884644,3237,0.0072676500000000005,4998
B0x,3fcb7a72-4ae1-4ed3-9114-ad5aa99a4d87,1.0,0.699999999965,0.9099621918473568,0.9166666666666666,0.4,,False,11.16541576385498,2941,0.0081637,4999
B0x,c8d473e3-ed87-4105-bc51-c19a9457ccd1,1.0,0.8333333332916666,0.9010483750593297,0.875,0.67,True,False,13.455275535583496,2889,0.0079586,4998
B0x,138ea29e-52d8-4844-9a16-a577fef42606,0.8,0.9999999999,0.9480824627270544,0.875,0.71,False,False,11.691165685653687,2921,0.0064353000000000014,4999
B0x,fa999f46-f122-424f-b1d0-1ad284ef03f5,1.0,0.9999999999,0.9496230897109139,0.8333333333333334,0.67,False,False,7.521752119064331,3025,0.005081250000000001,4998
B0x,04e9ba53-8f3e-4445-84b1-22cf37824f95,1.0,0.99999999995,0.8233519542253498,0.8,0.57,True,False,8.097994565963745,3025,0.00533285,4999
B0x,c9742d52-344f-4363-b151-e981bb5d81f1,1.0,0.499999999975,0.8291268572872615,0.875,0.5,True,False,9.676643371582031,3049,0.005888549999999999,4998
B0x,3397ae7a-cad6-4331-b744-968656e3a8f7,1.0,0.9999999999,0.8495452189834729,1.0,0.0,False,False,10.210737228393555,3071,0.005802,5000
B0x,146dcb12-96c7-404d-b90a-e04073bd25dd,1.0,0.49999999995,0.9648356326943752,0.8571428571428571,0.0,False,False,15.244776010513306,2854,0.008260400000000001,4816
B0x,70ca5178-6463-4fc4-8919-ff68db5676af,0.0,0.0,0.9072189793428705,0.9166666666666666,0.0,False,False,13.032219171524048,2684,0.00677365,4996
B0x,01948953-7d5b-4e53-9e6b-f7ef6b8630dc,1.0,0.9999999999,0.9178305201401838,0.9166666666666666,0.67,False,False,16.55689811706543,2966,0.006342199999999999,4998
B0x,ae780d4a-85bd-41ae-8a75-ce9bff08a2fc,1.0,0.9166666666361111,0.9644685450041778,0.8,0.33,False,False,13.54820966720581,3005,0.00616445,4998
B0x,03608046-2bc3-4e78-8658-927b9937b474,1.0,0.499999999975,0.9224973860138399,0.8571428571428571,0.0,True,False,15.374262571334839,2881,0.006773750000000001,4997
B0x,87fb88a5-8638-497e-9ecb-6a1a2f18fc92,1.0,0.5333333333155555,0.8386929446368694,0.9230769230769231,0.14,True,False,16.26276421546936,2983,0.00706045,4998
B0x,cc801098-eeb8-44fa-9191-7ee21cb9db6e,1.0,0.9166666666361111,0.877813100221051,0.8888888888888888,0.0,True,False,9.737273931503296,3096,0.0049894499999999994,4998
H2-base,2f37a8b7-c504-4767-870c-83334f8a6076,0.3333333333333333,0.0,0.9111228544620207,0.875,0.0,False,True,25.06532597541809,2896,0.007000500000000001,4999
H2-base,6368e843-2814-4e03-908a-aa1510199361,1.0,0.499999999975,0.8609976287134308,0.9,0.44,True,False,9.916793823242188,2981,0.006226099999999999,5000
H2-base,35c6c84c-8f19-45af-96ef-9d5238c1991a,1.0,0.499999999975,0.9646988732836279,0.8,0.67,,False,10.52749490737915,2909,0.005584550000000001,4999
H2-base,134d2822-a8d4-4a83-ba81-c5461d009e0e,0.2,0.0,0.0,0.75,0.0,False,False,14.315855979919434,2921,0.00833355,4997
H2-base,61b01463-74fd-446c-8757-c700dbfb480c,1.0,0.3333333333,0.8409291774458965,0.8888888888888888,0.73,False,False,12.382707118988037,2884,0.0071677,4998
H2-base,407143ef-4bf1-45ef-a76d-f565592c973b,1.0,0.9999999999,0.9036699523574977,0.8571428571428571,0.0,True,False,8.145973920822144,3018,0.005485950000000001,5000
H2-base,12cc0bbc-565c-4a83-86b9-b28ed3a323d0,0.0,0.0,0.0,0.25,0.0,False,True,9.764228582382202,3249,0.0047827,4998
H2-base,d4b6a331-52ba-4d46-97e4-9c2209f23766,1.0,0.19999999998,0.8773236393482463,0.8888888888888888,0.5,True,False,9.493477821350098,3126,0.00575435,4998
H2-base,9cd81ff8-ae29-4aa2-8eba-0f50c134188c,1.0,0.49999999995,0.8452620459988753,0.8571428571428571,0.6,True,False,8.458798885345459,3362,0.0066555500000000005,5000
H2-base,ae96dd5d-fab2-4328-b346-7a07dff3abfd,1.0,0.19999999998,0.9033616894956245,0.8888888888888888,0.89,False,False,10.327201128005981,3299,0.0066748499999999995,5000
H2-base,f6f13ba8-8b0f-4809-be37-06f7ba582e27,1.0,0.9999999999,0.8010685478304402,0.8888888888888888,0.0,False,False,11.565991163253784,2895,0.006673199999999999,4997
H2-base,c7ce785d-4ffa-4ca6-a9ac-b7904e9e471f,1.0,0.9999999999,0.9353268407405945,0.8333333333333334,0.6,True,False,8.875653982162476,2842,0.00530515,4998
H2-base,9d62258a-ff3a-48c0-be11-0f89fb4086d7,1.0,0.19999999998,0.903435505098132,0.8181818181818182,0.57,False,False,11.888889789581299,2878,0.007437899999999999,4998
H2-base,106dddc7-a09d-43a2-93dc-1bafaf510e68,0.6666666666666666,0.9999999999,0.889259873821855,0.9,0.5,False,False,10.63608694076538,3050,0.0062308500000000005,4999
H2-base,c6b779de-ecf3-4ba5-b03a-5d82b0392285,1.0,0.9999999999,0.9443043800845125,0.8888888888888888,0.8,False,False,9.34731149673462,3031,0.0060621500000000005,4999
H2-base,da9c57ce-7b06-4c04-b44f-99cfd7577b0c,0.0,0.0,0.0,0.75,0.0,False,True,7.886988401412964,3180,0.0048353499999999995,4994
H2-base,d2efec11-7a38-49e4-8018-f96bc92a1a75,1.0,0.9999999999,0.7867727402110372,1.0,0.75,True,False,7.803808212280273,3140,0.005188449999999999,4994
H2-base,6390597c-cb4b-48e7-b5f1-d342c043cd05,1.0,0.19999999998,0.9898524112016034,1.0,0.8,True,False,8.677529096603394,2878,0.0048557999999999995,4997
H2-base,11f1bcb8-432b-47b8-9692-7590586e72d6,1.0,0.4166666666458333,0.9290352456920536,0.8571428571428571,0.0,False,False,11.908270835876465,2831,0.0058687,4998
H2-base,85a65d37-b7a1-4bee-b985-eacd5a8b9e7c,0.0,0.0,0.0,0.5,0.0,False,True,9.670903444290161,3103,0.005141299999999999,4998
H2-base,ed333d45-0cfb-4287-9815-96e4d9fb5961,0.0,0.0,0.0,0.5,0.0,False,True,8.04406476020813,2785,0.0041012,4999
H2-base,bfb18cd1-3456-4cbd-ac7b-2b5ffb5314b7,0.0,0.0,0.0,0.0,0.0,False,True,10.147329092025757,3243,0.00486545,4998
H2-base,97aa5705-f3ac-462d-badc-9769a8ace675,0.0,0.0,0.0,0.5,0.0,False,True,9.704524278640747,3085,0.0044161999999999995,4997
H2-base,9219fad6-a1a9-4bea-a1c3-aab1b26bf9d1,1.0,0.49999999995,0.9328265744964668,0.9166666666666666,0.47,True,False,13.154703140258789,3094,0.009104400000000002,4999
H2-base,b1e91bd5-9834-4f01-8bdc-4a544dd3f3f4,1.0,0.49999999995,0.902459974891026,0.8,0.75,False,False,12.244343757629395,2915,0.0051397,4999
H2-base,5b4672b8-3cdc-4d1b-977e-58f4e92ba4cb,1.0,0.49999999995,0.9058295222837295,0.8571428571428571,0.0,False,False,12.392387866973877,2968,0.0056510499999999995,5000
H2-base,97de5509-6bfe-4fe4-9158-46543f093add,0.8333333333333334,0.0,0.6935327656830576,0.8888888888888888,0.38,False,False,13.76437783241272,2940,0.006883850000000001,5000
H2-base,a20f039e-0194-4240-a688-a7e62d3550a6,1.0,0.49999999995,0.9781423160012366,1.0,0.8,True,False,7.836458444595337,2889,0.0041047,4999
H2-base,e474aee8-cb34-4f04-903c-1ba4a7b50db0,1.0,0.9999999999,0.7849654668401908,0.8333333333333334,0.73,True,False,12.841421604156494,2944,0.005989799999999999,5000
H2-base,ff20610a-4945-4c3f-8dd8-e583b0c283af,0.5,0.9999999999,0.749350497665199,0.875,0.31,False,False,11.813899993896484,3167,0.006783600000000001,4995
H2-base,4f35baa4-b609-4e83-9347-1b2526d08f24,0.0,0.0,0.7411349543554377,0.5714285714285714,0.0,False,False,12.026923418045044,3526,0.006294999999999999,4516
H2-base,851e78c3-a993-42bc-b1d4-d4085d5547df,0.5,0.7499999999625,0.8337244412895118,0.7,0.22,True,False,9.063225030899048,3229,0.00545805,4994
H2-base,32d84f2c-49f2-4fdd-a96d-655161430b4c,0.0,0.0,0.0,0.0,0.0,False,True,7.475151777267456,3173,0.0049993,4998
H2-base,5ae54223-038c-4c4d-bf57-3e86bb704227,0.0,0.0,0.0,0.6666666666666666,0.0,False,True,9.179826021194458,3078,0.004836399999999999,4999
H2-base,d98358d4-6a1b-464b-8b89-7ec6260cff23,0.0,0.0,0.0,0.0,0.0,False,True,7.124802112579346,3041,0.00441135,4998
H2-base,06b30361-1bfa-407e-9b78-9690745b9d1f,0.0,0.0,0.0,0.8333333333333334,0.0,False,True,9.784515142440796,3022,0.0051267000000000005,4999
H2-base,69567c46-cb0c-4ab7-a378-be5f1980cf7e,0.0,0.0,0.0,0.3333333333333333,0.29,False,True,7.7403271198272705,2921,0.0042109,4998
H2-base,bb4ccac4-31c9-4518-b6a3-efbe81ce200f,0.0,0.0,0.0,0.8,0.0,False,True,8.402228593826294,3084,0.004825200000000001,4999
H2-base,ceaceaf9-0dd2-4355-bf9b-5c9aa7812b27,0.0,0.4166666666458333,0.8880474078311312,0.875,0.25,True,False,11.220900297164917,2981,0.0059729,4998
H2-base,9e71f246-0928-4712-a5b2-df72ea1557c3,1.0,0.9999999999666667,0.826892966038345,0.75,0.57,True,False,8.631485939025879,2995,0.00476675,4999
H2-base,66ce07d6-7817-4e68-bace-49d30456e6aa,0.0,0.8333333332916666,0.8478967132173616,0.8,0.18,True,False,11.637928485870361,2979,0.0068480500000000005,4999
H2-base,6bb8222a-7301-4800-8d89-fc7cb9abb5c1,0.5,0.99999999995,0.9545437464482315,0.8,0.33,True,False,13.5979483127594,2777,0.0060995,4999
H2-base,4471ef9d-bb0b-48d2-b99a-95a6573a07a8,0.5,0.6999999999766667,0.8928460203599855,0.875,0.29,True,False,9.800387382507324,2953,0.005658949999999999,4997
H2-base,ad82ab23-b1ac-4f66-b25f-7ff19a55cade,0.5,0.7555555555303703,0.7727312453263747,0.3333333333333333,0.8,True,False,7.596117258071899,3016,0.0045632,4999
H2-base,c2a91850-e365-4d72-bb66-09723b02d41a,0.0,0.0,0.0,0.8571428571428571,0.0,False,True,10.527541160583496,2875,0.005027350000000001,5000
H2-base,6f852288-75d9-4bd9-bc1e-ecec03d093b3,1.0,0.699999999965,0.8638472554821622,0.8,0.29,True,False,11.471634149551392,2745,0.0051756,4996
H2-base,9bed8837-0e48-4ced-aeb7-2d9ee80090eb,0.0,0.0,0.8958874237556536,0.8571428571428571,0.0,False,False,10.370998620986938,2932,0.0052869,4997
H2-base,751fcb88-83db-4e2a-b41d-b4a4f634293a,1.0,0.94999999997625,0.9569361512647043,0.75,0.73,False,False,13.687092304229736,2801,0.0075012,4998
H2-base,fbbaab7c-0d8e-4acb-999d-79b499067536,0.0,0.999999999975,0.9170038584268592,0.7777777777777778,0.0,False,False,14.915189504623413,2887,0.00751315,4999
H2-base,9bf88c97-a8ce-47ff-b7cc-aaa5c65b9f4a,0.3333333333333333,0.0,0.0,0.5,0.0,False,True,9.544252395629883,2903,0.00427705,4999
H2-base,54d41af2-e6f2-4f23-8f4a-aec37e0ca252,1.0,0.99999999995,0.9541442142462145,0.8571428571428571,0.67,True,False,9.695990085601807,2941,0.0053311,4996
H2-base,5e5c3604-57f0-44be-9dea-94c46df4ec8e,0.0,0.49999999995,0.866859675083514,0.8888888888888888,0.67,True,False,8.259934425354004,2973,0.0048874,4997
H2-base,8856078f-597b-44df-b505-12fecdf50e41,0.0,0.249999999975,0.9129002831350854,0.9333333333333333,0.64,False,False,10.344785451889038,2940,0.0064602,4998
H2-base,9aa10b67-6db5-4580-93e8-824c54d6566d,1.0,0.99999999995,0.9480057364411176,0.8571428571428571,0.33,True,False,10.117906332015991,2916,0.00571045,5000
H2-base,14485ad2-d182-46ad-a032-4f8325a5f6d5,1.0,0.49999999995,0.9554261833279315,0.8571428571428571,0.0,True,False,13.951966524124146,3232,0.00722835,4998
H2-base,57e7d74e-9e36-41e9-b690-75aae6f7d31d,1.0,0.9999999999,0.9528123513195007,0.8,0.67,False,False,7.890025854110718,3230,0.0051524,5000
H2-base,d0c20bbf-4ee5-476e-a4d4-9f853574edfc,0.0,0.49999999995,0.9719047079146629,0.8,0.25,False,False,13.377984762191772,3235,0.006657000000000001,5000
H2-base,ec346d29-a2dc-40ec-8ffb-9c788a4e4a4a,1.0,0.499999999975,0.9588508965245541,0.8,0.33,True,False,12.66476321220398,3256,0.0064634,4999
H2-base,f4396fc3-0a8c-450e-8362-d058fe3d0e64,1.0,0.9999999999,0.8514365014047449,0.6,0.0,False,False,11.281677961349487,2945,0.0051669,4998
H2-base,0a7c9388-b6c8-4b03-af53-efddf156d982,1.0,0.49999999995,0.9132676912120881,0.6,0.67,False,False,7.796232223510742,2819,0.00473835,4999
H2-base,668fedec-94e4-416c-8950-80bb1ddce0d6,0.0,0.0,0.9103612326165863,0.8888888888888888,0.22,False,False,10.295886993408203,2785,0.005107899999999999,4997
H2-base,008d1f5e-b60f-4bbf-b4af-cfe17348818f,0.0,0.0,0.8296567218052243,0.8888888888888888,0.0,False,False,13.943567991256714,2680,0.00644255,5000
H2-base,562b4f9f-dcc7-443f-ad0a-035e3ecd82ee,1.0,0.49999999995,0.8786512541174043,1.0,0.86,False,False,9.408462762832642,3003,0.004914549999999999,4999
H2-base,9bc24ee8-8d5b-4ac0-9565-28a4bd231bee,0.7,0.249999999975,0.9149957993582944,0.9375,0.12,False,False,12.947037935256958,3169,0.007206150000000001,5000
H2-base,7ddeded7-3f51-4c22-a200-e2c33515349b,1.0,0.5333333333155555,0.8398729062850964,0.9,0.5,False,False,8.946730136871338,3231,0.0055993499999999995,5000
H2-base,d9342bc4-9e4d-422b-a60c-c0089237a458,0.0,0.0,0.0,0.25,0.0,False,True,11.470646619796753,2806,0.00460025,4999
H2-base,5b80a317-7912-4780-9a94-e319e95fcf66,0.0,0.0,0.0,0.3333333333333333,0.0,False,True,9.157206773757935,2980,0.0045429,4999
H2-base,f43e812e-ddf3-41a5-a975-c1e15f46b8dd,1.0,0.249999999975,0.8602731985857384,0.8571428571428571,0.0,True,False,8.283658742904663,2993,0.00565225,5000
H2-base,d5cfdfc2-3c7d-424d-a924-420bb1de6852,1.0,0.8333333332916666,0.0,0.5,0.0,False,True,11.441606283187866,2988,0.0045544,4997
H2-base,16ebc019-58e6-4227-ad65-80475d20eb41,0.0,0.0,0.0,0.6666666666666666,0.46,False,True,13.640825033187866,2789,0.00529735,4998
H2-base,7dc878fb-b988-4906-957c-cd6bb2026b54,1.0,0.5888888888692593,0.8218872371278065,0.8,0.67,False,False,10.024382829666138,2838,0.0046091,4998
H2-base,41ddf622-edd5-4c9b-bf06-1d8b97d5f15a,1.0,0.3333333333,0.9094634008485216,0.75,0.4,False,False,7.656297922134399,2969,0.004726149999999999,4998
H2-base,40cc1cd3-1ff1-4f80-be81-b6f64f0f4c43,1.0,0.3333333333,0.8697153669064067,0.75,0.0,True,False,13.390444993972778,3034,0.00598765,4999
H2-base,04e31836-1961-477c-9263-d3438806a6e0,0.0,0.0,0.8522474157095001,0.8333333333333334,0.0,False,False,15.88219928741455,2817,0.0071502,4999
H2-base,16a22171-31b1-46ee-864d-e45cd424d70c,0.6666666666666666,0.19999999998,0.9270554468881047,0.8,0.0,False,True,12.92081880569458,2993,0.0056849000000000005,4338
H2-base,c1e363c7-8d8c-49a3-905c-b558ac4833ce,0.0,0.249999999975,0.8693889119922422,0.8333333333333334,0.0,False,False,10.161247968673706,2819,0.00595445,4999
H2-base,874d36fe-1ecb-4d2d-8bc1-bbffafb1f977,0.0,0.0,0.9233367541691933,0.75,0.0,False,True,13.829217672348022,2827,0.006010099999999999,4338
H2-base,7ae1a685-d3a9-4c0a-819e-839ae61fd093,1.0,0.3333333333,0.9710806826417998,0.9,0.89,True,False,8.572657346725464,2996,0.0051096,4999
H2-base,83a8cae4-6b9f-4b10-bb7e-88289390bcab,1.0,0.19999999998,0.9471979627486922,0.9090909090909091,0.0,True,False,12.287768840789795,2876,0.007656249999999999,4998
H2-base,5eed51cd-55da-4aac-b77a-44e50a6018a4,1.0,0.99999999995,0.8761671615458054,0.7777777777777778,0.29,True,False,8.046982765197754,3204,0.005307300000000001,4998
H2-base,1eb360e6-cbe4-4de4-b419-b01ac50325a0,1.0,0.3333333333,0.9147208939051242,0.9,0.75,True,False,10.56467056274414,3170,0.00672115,4998
H2-base,ba6113f3-d0b8-4192-a17a-d1e69283db08,1.0,0.3333333333,0.9420261546910264,0.8571428571428571,0.77,,False,9.60900354385376,3050,0.006219250000000001,4999
H2-base,f267bb84-ee5d-4e07-97c1-87d9967f9a20,1.0,0.9999999999,0.8671277638198523,0.9166666666666666,0.84,,False,11.77492380142212,3243,0.00708165,4997
H2-base,3fcb7a72-4ae1-4ed3-9114-ad5aa99a4d87,1.0,0.49999999995,0.8543462054928718,0.875,0.77,,False,11.93311095237732,2975,0.0061597,4998
H2-base,c8d473e3-ed87-4105-bc51-c19a9457ccd1,0.0,0.0,0.0,0.7142857142857143,0.0,False,True,14.776522159576416,3092,0.0060806,4998
H2-base,138ea29e-52d8-4844-9a16-a577fef42606,0.8,0.19999999998,0.8831696297781889,0.7777777777777778,0.83,False,False,10.55495309829712,2834,0.0064098,4997
H2-base,fa999f46-f122-424f-b1d0-1ad284ef03f5,1.0,0.9999999999,0.8951975073237746,0.8571428571428571,0.57,False,False,7.83404016494751,3025,0.005081250000000001,4998
H2-base,04e9ba53-8f3e-4445-84b1-22cf37824f95,0.0,0.0,0.0,0.3333333333333333,0.0,False,True,7.051033973693848,2976,0.00430685,4998
H2-base,c9742d52-344f-4363-b151-e981bb5d81f1,1.0,0.499999999975,0.838223289605286,0.875,0.44,True,False,11.73747730255127,3049,0.00615105,4998
H2-base,3397ae7a-cad6-4331-b744-968656e3a8f7,1.0,0.9999999999,0.8305789184390836,1.0,0.0,False,False,9.18491816520691,3078,0.0057599999999999995,4999
H2-base,146dcb12-96c7-404d-b90a-e04073bd25dd,1.0,0.49999999995,0.9706387868876738,0.9,0.0,False,False,17.292506456375122,2854,0.0087104,4816
H2-base,70ca5178-6463-4fc4-8919-ff68db5676af,0.0,0.0,0.8588716014345043,0.875,0.0,False,False,13.050615787506104,2709,0.00689365,4998
H2-base,01948953-7d5b-4e53-9e6b-f7ef6b8630dc,1.0,0.49999999995,0.8744902734224943,0.9166666666666666,0.91,False,False,12.129266738891602,2930,0.0054632,4996
H2-base,ae780d4a-85bd-41ae-8a75-ce9bff08a2fc,1.0,0.9166666666361111,0.8838701872595797,0.8,0.33,False,False,10.763094902038574,3005,0.00596945,4998
H2-base,03608046-2bc3-4e78-8658-927b9937b474,1.0,0.499999999975,0.9224973860138399,1.0,0.0,True,False,12.95134687423706,2873,0.0073992500000000004,4996
H2-base,87fb88a5-8638-497e-9ecb-6a1a2f18fc92,1.0,0.8333333332916666,0.9146621939783812,0.9090909090909091,0.18,True,False,12.778796911239624,3040,0.00680845,4998
H2-base,cc801098-eeb8-44fa-9191-7ee21cb9db6e,1.0,0.6999999999766667,0.9565608584852054,0.75,0.5,True,False,10.212563276290894,3058,0.00590745,4999
H2-treat,2f37a8b7-c504-4767-870c-83334f8a6076,1.0,0.999999999975,0.8768990230302656,0.9090909090909091,0.67,True,False,14.43942666053772,32013,0.052041000000000004,99798
H2-treat,6368e843-2814-4e03-908a-aa1510199361,1.0,0.9999999999,0.9324533891901103,0.75,0.22,True,False,13.773469924926758,10232,0.0186851,35066
H2-treat,35c6c84c-8f19-45af-96ef-9d5238c1991a,1.0,0.99999999995,0.9645039168434583,0.8888888888888888,0.5,,False,10.958539485931396,7976,0.01430255,26233
H2-treat,134d2822-a8d4-4a83-ba81-c5461d009e0e,1.0,0.99999999995,0.8913725233416757,0.8,0.4,True,False,9.975156784057617,26958,0.04144905,87900
H2-treat,61b01463-74fd-446c-8757-c700dbfb480c,1.0,0.99999999995,0.8632971464035618,0.8333333333333334,0.53,True,False,13.815891981124878,5690,0.0125092,17850
H2-treat,407143ef-4bf1-45ef-a76d-f565592c973b,1.0,0.49999999995,0.9036699523574977,1.0,0.57,True,False,7.928245544433594,3175,0.00522645,7674
H2-treat,12cc0bbc-565c-4a83-86b9-b28ed3a323d0,1.0,0.4166666666458333,0.9613070977900644,0.875,0.8,True,False,10.522772550582886,4741,0.008325700000000002,12637
H2-treat,d4b6a331-52ba-4d46-97e4-9c2209f23766,1.0,0.9999999999,0.8773236393482463,0.875,0.86,True,False,8.766240358352661,3737,0.00631085,9471
H2-treat,9cd81ff8-ae29-4aa2-8eba-0f50c134188c,1.0,0.3333333333,0.7516762790668133,0.8333333333333334,0.83,True,False,10.53536057472229,4916,0.008866549999999999,13500
H2-treat,ae96dd5d-fab2-4328-b346-7a07dff3abfd,0.0,0.9999999999,0.7154008492658589,0.9230769230769231,0.0,False,False,15.304868459701538,4754,0.011654850000000001,12767
H2-treat,f6f13ba8-8b0f-4809-be37-06f7ba582e27,1.0,0.9999999999,0.9603055975562589,0.9,0.0,True,False,12.50121521949768,3753,0.0097977,9475
H2-treat,c7ce785d-4ffa-4ca6-a9ac-b7904e9e471f,1.0,0.9999999999,0.9353268407405945,1.0,0.75,True,False,8.380652904510498,3430,0.00565465,8181
H2-treat,9d62258a-ff3a-48c0-be11-0f89fb4086d7,1.0,0.9999999999,0.9093971698925206,0.9,0.47,True,False,12.308364629745483,2743,0.0061703999999999995,4325
H2-treat,106dddc7-a09d-43a2-93dc-1bafaf510e68,1.0,0.49999999995,0.9059096392616259,0.5714285714285714,0.29,True,False,10.415380001068115,3016,0.0058423500000000005,5355
H2-treat,c6b779de-ecf3-4ba5-b03a-5d82b0392285,1.0,0.9999999999,0.9564076319883761,0.8888888888888888,0.8,True,False,11.495110511779785,4157,0.00785615,10919
H2-treat,da9c57ce-7b06-4c04-b44f-99cfd7577b0c,0.8,0.8666666666377778,0.8654798485924032,1.0,0.8,True,False,7.692347288131714,5724,0.00894385,14597
H2-treat,d2efec11-7a38-49e4-8018-f96bc92a1a75,1.0,0.6999999999766667,0.7867727402110372,1.0,0.91,True,False,7.068930625915527,5694,0.008996949999999998,14597
H2-treat,6390597c-cb4b-48e7-b5f1-d342c043cd05,1.0,0.499999999975,0.9555040892486425,0.8571428571428571,0.67,True,False,9.806189775466919,7379,0.012357299999999998,25614
H2-treat,11f1bcb8-432b-47b8-9692-7590586e72d6,1.0,0.8055555555287036,0.9384860058433423,0.9,0.22,True,False,13.074606657028198,14584,0.0243382,59668
H2-treat,85a65d37-b7a1-4bee-b985-eacd5a8b9e7c,1.0,0.7555555555303703,0.9527038706917518,1.0,0.94,True,False,6.804731130599976,8682,0.013322299999999999,30038
H2-treat,ed333d45-0cfb-4287-9815-96e4d9fb5961,1.0,0.9999999999666667,0.8588524128846318,0.8,0.29,True,False,7.7706358432769775,8230,0.013378699999999999,28564
H2-treat,bfb18cd1-3456-4cbd-ac7b-2b5ffb5314b7,1.0,0.9166666666361111,0.9664477999120444,0.8571428571428571,0.33,True,False,10.57593321800232,8453,0.014502949999999999,28915
H2-treat,97aa5705-f3ac-462d-badc-9769a8ace675,1.0,0.8333333332916666,0.866731007321082,0.6,0.33,True,False,9.713265895843506,6833,0.010690700000000001,21921
H2-treat,9219fad6-a1a9-4bea-a1c3-aab1b26bf9d1,1.0,0.7499999999625,0.9403879262305129,0.75,0.57,True,False,10.678710460662842,12081,0.0193449,43731
H2-treat,b1e91bd5-9834-4f01-8bdc-4a544dd3f3f4,1.0,0.99999999998,0.9027101407401873,1.0,0.89,True,False,11.392508268356323,13313,0.021044200000000002,51810
H2-treat,5b4672b8-3cdc-4d1b-977e-58f4e92ba4cb,0.0,0.9999999999666667,0.8417335136036688,0.8571428571428571,0.67,True,False,11.49109673500061,10152,0.01635955,37228
H2-treat,97de5509-6bfe-4fe4-9158-46543f093add,1.0,0.99999999995,0.7402706785128335,0.9333333333333333,0.0,True,False,18.640092134475708,9101,0.017130350000000003,34139
H2-treat,a20f039e-0194-4240-a688-a7e62d3550a6,1.0,0.9999999999666667,0.8619815505629466,1.0,0.8,True,False,10.974616765975952,9054,0.0144997,33186
H2-treat,e474aee8-cb34-4f04-903c-1ba4a7b50db0,1.0,0.99999999998,0.8216048025845679,0.875,0.62,True,False,11.90883731842041,13320,0.021478800000000003,51810
H2-treat,ff20610a-4945-4c3f-8dd8-e583b0c283af,1.0,0.4499999999775,0.8652496213089487,1.0,0.33,True,False,8.524522304534912,7300,0.0115881,26098
H2-treat,4f35baa4-b609-4e83-9347-1b2526d08f24,1.0,0.9999999999666667,0.7914221781107066,0.9411764705882353,0.52,True,False,14.906494617462158,4991,0.012542500000000002,14480
H2-treat,851e78c3-a993-42bc-b1d4-d4085d5547df,1.0,0.9999999999666667,0.8638368080338843,0.875,0.44,True,False,10.807818174362183,9141,0.01531605,33408
H2-treat,32d84f2c-49f2-4fdd-a96d-655161430b4c,1.0,0.99999999995,0.9180846821918008,0.8,0.57,True,False,9.540085792541504,15607,0.0238828,34989
H2-treat,5ae54223-038c-4c4d-bf57-3e86bb704227,0.0,0.99999999995,0.9514410409549455,1.0,0.67,True,False,6.69132137298584,15759,0.023730400000000002,37599
H2-treat,d98358d4-6a1b-464b-8b89-7ec6260cff23,0.5,0.5333333333155555,0.9723094544578029,0.8,0.67,True,False,9.450582265853882,20647,0.032125350000000004,46791
H2-treat,06b30361-1bfa-407e-9b78-9690745b9d1f,0.0,0.9999999999,0.9743919720799323,1.0,0.5,True,False,8.20840835571289,11637,0.0178692,30831
H2-treat,69567c46-cb0c-4ab7-a378-be5f1980cf7e,0.0,0.0,0.0,0.3333333333333333,0.0,False,True,8.374605417251587,4387,0.0063799,12801
H2-treat,bb4ccac4-31c9-4518-b6a3-efbe81ce200f,1.0,0.19999999998,0.944233822429477,0.5714285714285714,0.75,True,False,8.644753217697144,9923,0.015578700000000001,24094
H2-treat,ceaceaf9-0dd2-4355-bf9b-5c9aa7812b27,0.0,0.9999999999,0.8875197378640053,0.75,0.29,True,False,8.842297792434692,2291,0.0045329,2433
H2-treat,9e71f246-0928-4712-a5b2-df72ea1557c3,1.0,0.9999999999,0.8711141055029353,0.8333333333333334,0.33,True,False,10.709502935409546,2454,0.00441275,3084
H2-treat,66ce07d6-7817-4e68-bace-49d30456e6aa,0.0,0.9999999999,0.853521248099671,0.9166666666666666,0.2,True,False,11.725810766220093,10938,0.01821655,43280
H2-treat,6bb8222a-7301-4800-8d89-fc7cb9abb5c1,0.5,0.9999999999,0.8841590968583084,0.6666666666666666,0.4,True,False,9.918870687484741,4519,0.0072875,13773
H2-treat,4471ef9d-bb0b-48d2-b99a-95a6573a07a8,0.5,0.9999999999,0.9791882274437508,0.8888888888888888,0.0,True,False,14.339799642562866,9487,0.01568495,34291
H2-treat,ad82ab23-b1ac-4f66-b25f-7ff19a55cade,0.5,0.49999999995,0.795114210549492,0.6666666666666666,0.67,True,False,7.013599157333374,9270,0.0138917,33342
H2-treat,c2a91850-e365-4d72-bb66-09723b02d41a,1.0,0.9999999999,0.8835972259412829,0.875,0.25,True,False,11.247416496276855,4210,0.00880735,11876
H2-treat,6f852288-75d9-4bd9-bc1e-ecec03d093b3,1.0,0.999999999975,0.8638472554821622,1.0,0.67,True,False,8.151949405670166,18004,0.0276141,63055
H2-treat,9bed8837-0e48-4ced-aeb7-2d9ee80090eb,0.5,0.249999999975,0.9032169757746772,0.8,0.67,True,False,8.048752546310425,4150,0.0067164,10589
H2-treat,751fcb88-83db-4e2a-b41d-b4a4f634293a,0.6666666666666666,0.99999999998,0.9465846725872664,0.75,0.8,False,False,13.44134521484375,4261,0.0095937,12562
H2-treat,fbbaab7c-0d8e-4acb-999d-79b499067536,1.0,0.99999999998,0.8930136567499907,0.9,0.0,True,False,14.638130187988281,18231,0.03107665,63481
H2-treat,9bf88c97-a8ce-47ff-b7cc-aaa5c65b9f4a,1.0,0.7555555555303703,0.9021705756528079,0.8333333333333334,0.22,False,True,14.004226207733154,8392,0.014213050000000001,27654
H2-treat,54d41af2-e6f2-4f23-8f4a-aec37e0ca252,1.0,0.49999999995,0.8911113415815066,0.8,0.75,False,False,10.10191822052002,5916,0.009921099999999999,19343
H2-treat,5e5c3604-57f0-44be-9dea-94c46df4ec8e,0.0,0.0,0.876836775288198,0.8888888888888888,0.59,False,False,12.839680433273315,8675,0.0138454,29497
H2-treat,8856078f-597b-44df-b505-12fecdf50e41,0.0,0.9166666666361111,0.9805686221041218,0.8333333333333334,0.8,True,False,18.522566556930542,6446,0.0143592,20012
H2-treat,9aa10b67-6db5-4580-93e8-824c54d6566d,1.0,0.94999999997625,0.9421591910812653,0.8571428571428571,0.25,True,False,11.31528925895691,8486,0.01484545,28106
H2-treat,14485ad2-d182-46ad-a032-4f8325a5f6d5,0.0,0.0,0.0,0.8333333333333334,0.0,False,True,11.36516785621643,3805,0.00668535,8591
H2-treat,57e7d74e-9e36-41e9-b690-75aae6f7d31d,1.0,0.49999999995,0.9502061429154035,1.0,0.86,True,False,6.646684885025024,4401,0.0065039,11713
H2-treat,d0c20bbf-4ee5-476e-a4d4-9f853574edfc,1.0,0.49999999995,0.9715707374650758,0.875,0.25,True,False,11.076367616653442,6570,0.011937,19937
H2-treat,ec346d29-a2dc-40ec-8ffb-9c788a4e4a4a,0.0,0.0,0.0,0.6,0.0,False,True,14.435442686080933,8278,0.0132314,27428
H2-treat,f4396fc3-0a8c-450e-8362-d058fe3d0e64,0.0,0.0,0.860891345585117,0.6666666666666666,0.0,False,False,11.361802339553833,4484,0.0084654,12006
H2-treat,0a7c9388-b6c8-4b03-af53-efddf156d982,1.0,0.3333333333,0.8747419788238384,1.0,0.5,True,False,9.175763368606567,4992,0.00818535,15316
H2-treat,668fedec-94e4-416c-8950-80bb1ddce0d6,0.0,0.0,0.85982919276371,0.7777777777777778,0.0,False,False,14.354203701019287,3167,0.0075559,7186
H2-treat,008d1f5e-b60f-4bbf-b4af-cfe17348818f,1.0,0.249999999975,0.9434827376567979,0.9285714285714286,0.0,False,False,13.8372323513031,4754,0.009021050000000001,14844
H2-treat,562b4f9f-dcc7-443f-ad0a-035e3ecd82ee,1.0,0.9999999999,0.8537567028310113,0.8,0.0,True,False,11.281766176223755,5733,0.01083955,18015
H2-treat,9bc24ee8-8d5b-4ac0-9565-28a4bd231bee,1.0,0.8333333332916666,0.8402335970185746,0.96875,0.71,True,False,18.179392337799072,11742,0.022195649999999997,42797
H2-treat,7ddeded7-3f51-4c22-a200-e2c33515349b,1.0,0.8333333332916666,0.8693672977608317,0.9,0.33,False,False,11.346145868301392,2647,0.00469335,3647
H2-treat,d9342bc4-9e4d-422b-a60c-c0089237a458,0.0,0.0,0.0,0.3333333333333333,0.0,False,True,8.715689659118652,3971,0.006355250000000001,11314
H2-treat,5b80a317-7912-4780-9a94-e319e95fcf66,1.0,0.9999999999,0.8885735528889483,0.9230769230769231,0.78,True,False,11.709834575653076,2603,0.0057099,4941
H2-treat,f43e812e-ddf3-41a5-a975-c1e15f46b8dd,0.0,0.9999999999,0.8545608814310549,0.8333333333333334,0.25,True,False,9.13718581199646,3593,0.00628975,9107
H2-treat,d5cfdfc2-3c7d-424d-a924-420bb1de6852,1.0,0.8041666666465626,0.9474524521545411,0.6666666666666666,0.8,True,False,7.366072416305542,6339,0.0100384,21605
H2-treat,16ebc019-58e6-4227-ad65-80475d20eb41,0.8571428571428571,0.9999999999,0.8998118659509889,0.9,0.89,True,True,8.02706527709961,4158,0.00771835,11661
H2-treat,7dc878fb-b988-4906-957c-cd6bb2026b54,1.0,0.9999999999,0.897621159317773,0.7777777777777778,0.0,True,False,11.238250494003296,3605,0.007229599999999999,8474
H2-treat,41ddf622-edd5-4c9b-bf06-1d8b97d5f15a,1.0,0.249999999975,0.8537998883930759,0.8333333333333334,0.57,True,False,11.59307050704956,3610,0.00707515,8333
H2-treat,40cc1cd3-1ff1-4f80-be81-b6f64f0f4c43,0.0,0.0,0.0,0.0,0.0,False,True,8.29930567741394,3510,0.00503665,7836
H2-treat,04e31836-1961-477c-9263-d3438806a6e0,1.0,0.49999999995,0.8528800444550027,0.875,0.57,True,False,10.02304720878601,3588,0.0071517,8335
H2-treat,16a22171-31b1-46ee-864d-e45cd424d70c,1.0,0.8666666666377778,0.9803542283290594,0.875,0.67,True,False,10.726000785827637,20172,0.031303399999999995,81475
H2-treat,c1e363c7-8d8c-49a3-905c-b558ac4833ce,0.0,0.0,0.9065577242348658,0.7142857142857143,0.0,False,False,10.103718757629395,18189,0.02872445,74395
H2-treat,874d36fe-1ecb-4d2d-8bc1-bbffafb1f977,0.75,0.9999999999,0.9032409561994764,0.8571428571428571,0.89,True,False,8.340887308120728,6657,0.0100901,20819
H2-treat,7ae1a685-d3a9-4c0a-819e-839ae61fd093,0.0,0.3333333333,0.9776033325701983,0.9,0.89,True,False,7.316518545150757,7047,0.0111411,22516
H2-treat,83a8cae4-6b9f-4b10-bb7e-88289390bcab,1.0,0.19999999998,0.9516668954134485,0.8,0.0,True,False,11.959070682525635,5096,0.00947875,14431
H2-treat,5eed51cd-55da-4aac-b77a-44e50a6018a4,1.0,0.9166666666361111,0.864881090706506,0.9,0.4,True,False,11.243010997772217,21187,0.033594299999999994,70794
H2-treat,1eb360e6-cbe4-4de4-b419-b01ac50325a0,1.0,0.94999999997625,0.9037150765517464,0.9,0.89,True,False,11.545135021209717,23574,0.03700465,80719
H2-treat,ba6113f3-d0b8-4192-a17a-d1e69283db08,1.0,0.9999999999666667,0.8894395541871271,0.8571428571428571,0.67,,False,9.808909893035889,13319,0.02084275,46748
H2-treat,f267bb84-ee5d-4e07-97c1-87d9967f9a20,1.0,0.99999999998,0.8852497300965227,0.9166666666666666,0.82,,False,11.680649042129517,18324,0.029395650000000002,67100
H2-treat,3fcb7a72-4ae1-4ed3-9114-ad5aa99a4d87,1.0,0.8666666666377778,0.937456255865256,0.75,0.5,,False,10.755133390426636,26171,0.039956200000000004,83675
H2-treat,c8d473e3-ed87-4105-bc51-c19a9457ccd1,1.0,0.7499999999625,0.9075308660034933,0.9090909090909091,0.33,True,False,14.164265871047974,19535,0.0330251,65243
H2-treat,138ea29e-52d8-4844-9a16-a577fef42606,0.8,0.99999999995,0.9526002509708539,0.8888888888888888,0.77,True,False,11.314464807510376,5031,0.0100053,14461
H2-treat,fa999f46-f122-424f-b1d0-1ad284ef03f5,1.0,0.8333333332916666,0.8844997399374038,0.8888888888888888,0.29,True,False,10.068028688430786,4877,0.00822675,13671
H2-treat,04e9ba53-8f3e-4445-84b1-22cf37824f95,1.0,0.9166666666361111,0.8315219664767942,1.0,0.57,True,False,11.885759115219116,7043,0.01122485,21846
H2-treat,c9742d52-344f-4363-b151-e981bb5d81f1,1.0,0.699999999965,0.9599079408548142,0.8571428571428571,0.29,True,False,11.609807968139648,8904,0.01515105,29174
H2-treat,3397ae7a-cad6-4331-b744-968656e3a8f7,1.0,0.8333333332916666,0.9156014519235464,0.8,0.4,True,False,9.058775186538696,7353,0.011775,23272
H2-treat,146dcb12-96c7-404d-b90a-e04073bd25dd,1.0,0.9999999999,0.9595393219228694,0.9166666666666666,0.0,True,False,15.777117490768433,3719,0.010090400000000001,8577
H2-treat,70ca5178-6463-4fc4-8919-ff68db5676af,1.0,0.99999999995,0.8969549713977708,0.875,0.67,True,False,9.898375511169434,3977,0.007235650000000001,10453
H2-treat,01948953-7d5b-4e53-9e6b-f7ef6b8630dc,1.0,0.6999999999766667,0.8890460254617664,0.9166666666666666,0.87,True,False,11.126965045928955,6582,0.011826200000000002,20782
H2-treat,ae780d4a-85bd-41ae-8a75-ce9bff08a2fc,1.0,0.6999999999766667,0.8771542314794685,1.0,0.5,True,False,10.743751287460327,7749,0.01316045,25132
H2-treat,03608046-2bc3-4e78-8658-927b9937b474,1.0,0.94999999997625,0.9628259259931001,1.0,0.8,True,False,11.911842823028564,4357,0.00919025,11505
H2-treat,87fb88a5-8638-497e-9ecb-6a1a2f18fc92,1.0,0.94999999997625,0.9099901262519603,1.0,0.57,True,False,11.068428039550781,8030,0.013775949999999999,25905
H2-treat,cc801098-eeb8-44fa-9191-7ee21cb9db6e,1.0,0.8874999999778125,0.8618083489517477,0.9090909090909091,0.0,True,False,12.146739482879639,8219,0.01374645,26995
N0,2f37a8b7-c504-4767-870c-83334f8a6076,0.0,0.0,0.7891610141525128,0.9230769230769231,0.0,False,True,14.688316583633423,2459,0.009042749999999999,4998
N0,6368e843-2814-4e03-908a-aa1510199361,0.0,0.0,0.0,0.0,0.0,False,True,6.557327508926392,2410,0.00432825,4999
N0,35c6c84c-8f19-45af-96ef-9d5238c1991a,0.0,0.0,0.0,0.5714285714285714,0.0,,False,10.710498809814453,2312,0.00546435,4999
N0,134d2822-a8d4-4a83-ba81-c5461d009e0e,0.0,0.0,0.0,0.8333333333333334,0.0,False,True,8.731572151184082,2686,0.0060342,4999
N0,61b01463-74fd-446c-8757-c700dbfb480c,0.0,0.0,0.0,0.0,0.0,False,True,8.039452314376831,2364,0.004144500000000001,4998
N0,407143ef-4bf1-45ef-a76d-f565592c973b,0.0,0.0,0.0,0.5,0.0,False,True,6.812886953353882,2563,0.0043755,5000
N0,12cc0bbc-565c-4a83-86b9-b28ed3a323d0,0.0,0.0,0.0,0.6666666666666666,0.0,False,True,5.992823839187622,2604,0.004560300000000001,4998
N0,d4b6a331-52ba-4d46-97e4-9c2209f23766,0.0,0.0,0.0,0.5,0.0,False,True,7.5559399127960205,2662,0.004630349999999999,4731
N0,9cd81ff8-ae29-4aa2-8eba-0f50c134188c,0.0,0.0,0.0,0.0,0.0,False,True,7.229645013809204,2740,0.00477465,4999
N0,ae96dd5d-fab2-4328-b346-7a07dff3abfd,0.0,0.0,0.0,0.5714285714285714,0.0,False,True,8.402837753295898,2723,0.00586935,4999
N0,f6f13ba8-8b0f-4809-be37-06f7ba582e27,1.0,0.9999999999,0.9220980211484566,0.8888888888888888,0.8,False,False,10.531543970108032,2144,0.0061920000000000005,4997
N0,c7ce785d-4ffa-4ca6-a9ac-b7904e9e471f,1.0,0.9999999999,0.9353268407405945,1.0,0.57,True,False,6.680691957473755,2198,0.0045963,4998
N0,9d62258a-ff3a-48c0-be11-0f89fb4086d7,1.0,0.9999999999,0.9112501544957119,0.9,0.25,False,False,11.842069864273071,2218,0.006268800000000001,4998
N0,106dddc7-a09d-43a2-93dc-1bafaf510e68,1.0,0.49999999995,0.8682111690203734,0.9375,0.27,False,False,13.890727519989014,2337,0.007822949999999999,4998
N0,c6b779de-ecf3-4ba5-b03a-5d82b0392285,1.0,0.7499999999625,0.9258150723183831,1.0,0.77,True,False,9.129925012588501,2395,0.00598485,4999
N0,da9c57ce-7b06-4c04-b44f-99cfd7577b0c,0.0,0.0,0.0,0.0,0.0,False,True,5.420230388641357,2624,0.00444105,4334
N0,d2efec11-7a38-49e4-8018-f96bc92a1a75,0.0,0.0,0.0,0.5,0.0,False,True,5.807373762130737,2157,0.0037813500000000006,3273
N0,6390597c-cb4b-48e7-b5f1-d342c043cd05,0.0,0.0,0.8981769750999331,0.75,0.0,False,True,12.973426818847656,2266,0.005130450000000001,4998
N0,11f1bcb8-432b-47b8-9692-7590586e72d6,0.0,0.0,0.0,0.0,0.0,False,True,8.289920091629028,2207,0.0038502,4998
N0,85a65d37-b7a1-4bee-b985-eacd5a8b9e7c,0.0,0.0,0.0,0.0,0.0,False,True,5.9491965770721436,2370,0.00406005,4989
N0,ed333d45-0cfb-4287-9815-96e4d9fb5961,0.0,0.0,0.0,0.8888888888888888,0.0,False,True,10.569035768508911,2231,0.0052990500000000005,4999
N0,bfb18cd1-3456-4cbd-ac7b-2b5ffb5314b7,0.0,0.0,0.0,0.3333333333333333,0.0,False,True,7.363802433013916,2571,0.00453195,4998
N0,97aa5705-f3ac-462d-badc-9769a8ace675,1.0,0.3333333333,0.0,0.4,0.0,False,True,7.535710096359253,2346,0.00429945,4998
N0,9219fad6-a1a9-4bea-a1c3-aab1b26bf9d1,1.0,0.3333333333,0.945650180199296,0.9,0.46,True,False,13.166663646697998,2424,0.0079743,5000
N0,b1e91bd5-9834-4f01-8bdc-4a544dd3f3f4,1.0,0.49999999995,0.9052616713668565,1.0,0.73,False,False,9.421588897705078,2031,0.00428655,4186
N0,5b4672b8-3cdc-4d1b-977e-58f4e92ba4cb,1.0,0.5833333333041666,0.8823495508111316,0.8571428571428571,0.5,False,False,6.744876146316528,2203,0.0049503,4998
N0,97de5509-6bfe-4fe4-9158-46543f093add,0.0,0.0,0.0,0.25,0.0,False,True,7.306755781173706,2210,0.0038657999999999995,5000
N0,a20f039e-0194-4240-a688-a7e62d3550a6,1.0,0.9999999999,0.9515432384138617,1.0,0.8,True,False,6.027033805847168,2192,0.00387135,4998
N0,e474aee8-cb34-4f04-903c-1ba4a7b50db0,1.0,0.9999999999,0.81111104330879,0.8333333333333334,0.73,True,False,9.720423698425293,2232,0.0052603500000000004,4999
N0,ff20610a-4945-4c3f-8dd8-e583b0c283af,1.0,0.8333333332916666,0.7538323612493412,0.8571428571428571,0.2,True,False,7.09564995765686,2490,0.0052438499999999996,4993
N0,4f35baa4-b609-4e83-9347-1b2526d08f24,0.0,0.0,0.0,0.0,0.0,False,True,6.864056587219238,2659,0.00465075,4995
N0,851e78c3-a993-42bc-b1d4-d4085d5547df,0.0,0.0,0.0,0.5,0.0,False,True,6.865666627883911,2303,0.0041868,4997
N0,32d84f2c-49f2-4fdd-a96d-655161430b4c,0.0,0.0,0.0,0.0,0.0,False,True,6.031901121139526,2661,0.0045,5000
N0,5ae54223-038c-4c4d-bf57-3e86bb704227,0.0,0.0,0.0,0.5,0.0,False,True,6.34006929397583,2711,0.00467115,5000
N0,d98358d4-6a1b-464b-8b89-7ec6260cff23,0.0,0.0,0.0,0.5,0.0,False,True,6.852995157241821,2262,0.0039663,4998
N0,06b30361-1bfa-407e-9b78-9690745b9d1f,0.0,0.0,0.0,0.5,0.4,False,True,6.004340410232544,2395,0.0040783500000000006,4980
N0,69567c46-cb0c-4ab7-a378-be5f1980cf7e,0.0,0.0,0.0,1.0,0.0,False,True,5.9753851890563965,2432,0.0043323,4999
N0,bb4ccac4-31c9-4518-b6a3-efbe81ce200f,0.0,0.0,0.0,0.3333333333333333,0.0,False,True,6.432553052902222,2435,0.00416985,4999
N0,ceaceaf9-0dd2-4355-bf9b-5c9aa7812b27,0.0,0.0,0.0,0.0,0.0,False,True,5.540532827377319,2218,0.003759899999999999,4999
N0,9e71f246-0928-4712-a5b2-df72ea1557c3,1.0,0.9166666666361111,0.8336331087682679,0.8571428571428571,0.29,True,False,8.225892305374146,2376,0.0051204,4999
N0,66ce07d6-7817-4e68-bace-49d30456e6aa,0.0,0.0,0.0,0.25,0.0,False,True,6.919625282287598,2372,0.00447345,4999
N0,6bb8222a-7301-4800-8d89-fc7cb9abb5c1,0.5,0.49999999995,0.9162946463491594,0.8571428571428571,0.44,True,False,8.41187858581543,2149,0.005334,5000
N0,4471ef9d-bb0b-48d2-b99a-95a6573a07a8,0.0,0.0,0.0,0.0,0.0,False,True,6.846033334732056,2169,0.0037208999999999996,4998
N0,ad82ab23-b1ac-4f66-b25f-7ff19a55cade,0.5,0.9999999999,0.7709349551313324,0.9090909090909091,0.0,False,False,11.54647946357727,2190,0.005533350000000001,4998
N0,c2a91850-e365-4d72-bb66-09723b02d41a,1.0,0.9999999999,0.8928142593589675,0.9090909090909091,0.0,True,False,13.831197023391724,2157,0.0080127,5000
N0,6f852288-75d9-4bd9-bc1e-ecec03d093b3,0.0,0.0,0.0,0.6666666666666666,0.0,False,True,6.700262784957886,2293,0.004068,4998
N0,9bed8837-0e48-4ced-aeb7-2d9ee80090eb,0.0,0.0,0.0,0.0,0.0,False,True,6.858515501022339,2207,0.00382845,4999
N0,751fcb88-83db-4e2a-b41d-b4a4f634293a,1.0,0.8041666666465626,0.9569361512647043,0.8888888888888888,0.62,False,False,11.823283910751343,2172,0.00669135,4998
N0,fbbaab7c-0d8e-4acb-999d-79b499067536,0.0,0.99999999998,0.8461192467062897,0.875,0.0,False,False,12.029572248458862,2267,0.007056300000000001,4999
N0,9bf88c97-a8ce-47ff-b7cc-aaa5c65b9f4a,0.3333333333333333,0.9999999999,0.8435060261303734,0.8333333333333334,0.0,True,False,7.5593061447143555,2364,0.004990649999999999,5000
N0,54d41af2-e6f2-4f23-8f4a-aec37e0ca252,1.0,0.9999999999666667,0.9379809322772553,0.8888888888888888,0.55,False,False,10.509756088256836,2186,0.0066640499999999995,4127
N0,5e5c3604-57f0-44be-9dea-94c46df4ec8e,0.0,0.0,0.0,0.5,0.0,False,True,5.8515050411224365,2262,0.003950400000000001,4999
N0,8856078f-597b-44df-b505-12fecdf50e41,0.0,0.0,0.0,0.5,0.0,False,True,5.989206790924072,2104,0.0036684,4999
N0,9aa10b67-6db5-4580-93e8-824c54d6566d,0.0,0.0,0.0,0.5,0.0,False,True,6.543341636657715,2351,0.0039741,4999
N0,14485ad2-d182-46ad-a032-4f8325a5f6d5,1.0,0.9999999999,0.9556303858542234,0.8571428571428571,0.73,True,False,9.64929723739624,2408,0.0058899,4998
N0,57e7d74e-9e36-41e9-b690-75aae6f7d31d,1.0,0.9999999999,0.9790926401788664,0.8333333333333334,0.57,False,False,7.168832063674927,2328,0.0044688,4999
N0,d0c20bbf-4ee5-476e-a4d4-9f853574edfc,1.0,0.8333333332916666,0.9427586156334137,0.9,0.71,False,False,10.841357946395874,2329,0.00696375,4998
N0,ec346d29-a2dc-40ec-8ffb-9c788a4e4a4a,1.0,0.9166666666361111,0.9588508965245541,0.75,0.4,True,False,7.099397659301758,2398,0.004747650000000001,4998
N0,f4396fc3-0a8c-450e-8362-d058fe3d0e64,0.0,0.0,0.0,0.5,0.0,False,True,9.725959539413452,2209,0.0046935,5000
N0,0a7c9388-b6c8-4b03-af53-efddf156d982,0.0,0.0,0.0,0.25,0.25,False,True,7.008488655090332,2276,0.0044944500000000005,4999
N0,668fedec-94e4-416c-8950-80bb1ddce0d6,0.0,0.0,0.8883734762066051,0.8,0.22,False,False,10.672951221466064,2150,0.00549045,4997
N0,008d1f5e-b60f-4bbf-b4af-cfe17348818f,0.0,0.0,0.0,0.5,0.0,False,True,6.198497533798218,2172,0.0036906,4998
N0,562b4f9f-dcc7-443f-ad0a-035e3ecd82ee,0.0,0.0,0.0,0.3333333333333333,0.0,False,True,6.757556676864624,2554,0.0044214,4999
N0,9bc24ee8-8d5b-4ac0-9565-28a4bd231bee,0.9,0.9999999999,0.9150625327970358,0.9047619047619048,0.0,False,False,12.490764856338501,2377,0.0077005500000000005,5000
N0,7ddeded7-3f51-4c22-a200-e2c33515349b,1.0,0.4166666666458333,0.8272272218079253,0.8181818181818182,0.33,False,False,9.282530069351196,2580,0.005377949999999999,5000
N0,d9342bc4-9e4d-422b-a60c-c0089237a458,0.0,0.0,0.0,0.5,0.0,False,True,9.425203800201416,2360,0.00413295,5000
N0,5b80a317-7912-4780-9a94-e319e95fcf66,1.0,0.699999999965,0.8866041012357723,0.9090909090909091,0.78,True,False,8.013265609741211,2037,0.005567249999999999,4998
N0,f43e812e-ddf3-41a5-a975-c1e15f46b8dd,0.0,0.0,0.0,0.6666666666666666,0.0,False,True,6.285407304763794,2506,0.004272150000000001,4998
N0,d5cfdfc2-3c7d-424d-a924-420bb1de6852,1.0,0.5888888888692593,0.0,0.0,0.0,False,True,6.970500946044922,2221,0.0039736500000000004,4999
N0,16ebc019-58e6-4227-ad65-80475d20eb41,0.0,0.0,0.0,0.0,0.0,False,True,6.970116138458252,2387,0.00413115,4998
N0,7dc878fb-b988-4906-957c-cd6bb2026b54,1.0,0.8333333332916666,0.8627049650908468,0.8,0.67,False,False,6.4331347942352295,2097,0.0041736,4998
N0,41ddf622-edd5-4c9b-bf06-1d8b97d5f15a,0.0,0.8333333332916666,0.9290875662074395,0.5714285714285714,0.36,False,False,7.964129447937012,2255,0.0054496499999999995,4999
N0,40cc1cd3-1ff1-4f80-be81-b6f64f0f4c43,1.0,0.9999999999,0.8768941973845584,0.8,0.0,True,False,15.121026515960693,2213,0.004804200000000001,4998
N0,04e31836-1961-477c-9263-d3438806a6e0,0.5,0.7499999999625,0.8948766287841056,0.875,0.33,True,False,15.852240324020386,2176,0.006944850000000001,4998
N0,16a22171-31b1-46ee-864d-e45cd424d70c,1.0,0.5833333333041666,0.9257385361290709,0.7777777777777778,0.55,False,True,9.476835250854492,2287,0.00540285,4998
N0,c1e363c7-8d8c-49a3-905c-b558ac4833ce,0.0,0.249999999975,0.8330465384085969,0.8571428571428571,0.0,False,False,10.09627389907837,2263,0.0047892,4999
N0,874d36fe-1ecb-4d2d-8bc1-bbffafb1f977,0.0,0.0,0.8826044049766796,0.875,0.0,False,True,13.359757423400879,2298,0.0063091499999999995,4998
N0,7ae1a685-d3a9-4c0a-819e-839ae61fd093,1.0,0.9999999999,0.9712433486812416,0.8181818181818182,0.89,True,False,6.328732252120972,2236,0.00461445,5000
N0,83a8cae4-6b9f-4b10-bb7e-88289390bcab,0.0,0.94999999997625,0.953061928550731,0.8888888888888888,0.31,False,False,11.227307081222534,2288,0.00644805,4998
N0,5eed51cd-55da-4aac-b77a-44e50a6018a4,1.0,0.99999999995,0.8761671615458054,0.8888888888888888,0.44,True,False,7.387560844421387,2405,0.0049029,4632
N0,1eb360e6-cbe4-4de4-b419-b01ac50325a0,1.0,0.3333333333,0.8742056925510756,0.8888888888888888,0.89,True,False,9.257612228393555,2574,0.0063863999999999995,4997
N0,ba6113f3-d0b8-4192-a17a-d1e69283db08,0.0,0.0,0.0,0.0,0.0,,True,7.431886911392212,2288,0.0040758,4999
N0,f267bb84-ee5d-4e07-97c1-87d9967f9a20,0.0,0.0,0.0,0.0,0.0,,True,7.2010228633880615,2523,0.004504650000000001,4989
N0,3fcb7a72-4ae1-4ed3-9114-ad5aa99a4d87,0.0,0.0,0.0,0.0,0.0,,True,5.953884840011597,2393,0.0042093,4999
N0,c8d473e3-ed87-4105-bc51-c19a9457ccd1,0.0,0.0,0.817720426541278,0.75,0.0,False,True,15.422684907913208,2438,0.0084927,4999
N0,138ea29e-52d8-4844-9a16-a577fef42606,0.0,0.0,0.0,0.3333333333333333,0.0,False,True,6.132286071777344,2192,0.00422385,4997
N0,fa999f46-f122-424f-b1d0-1ad284ef03f5,0.0,0.0,0.0,0.3333333333333333,0.0,False,True,6.602458953857422,2179,0.004161300000000001,4997
N0,04e9ba53-8f3e-4445-84b1-22cf37824f95,0.0,0.0,0.0,0.3333333333333333,0.0,False,True,6.265509366989136,2483,0.0042348,4996
N0,c9742d52-344f-4363-b151-e981bb5d81f1,0.0,0.0,0.0,0.5,0.0,False,True,5.070704221725464,2315,0.0040074,4999
N0,3397ae7a-cad6-4331-b744-968656e3a8f7,1.0,0.699999999965,0.9156014519235464,0.9375,0.0,True,False,10.730529546737671,2376,0.00601635,4818
N0,146dcb12-96c7-404d-b90a-e04073bd25dd,0.0,0.0,0.0,0.6,0.0,False,True,6.51934814453125,2470,0.00433215,4999
N0,70ca5178-6463-4fc4-8919-ff68db5676af,0.0,0.0,0.7842950444882216,0.875,0.0,False,False,14.302493572235107,2098,0.007099200000000001,4996
N0,01948953-7d5b-4e53-9e6b-f7ef6b8630dc,1.0,0.49999999995,0.9114114174627388,0.9285714285714286,0.87,False,False,11.219996690750122,2341,0.00671655,4995
N0,ae780d4a-85bd-41ae-8a75-ce9bff08a2fc,1.0,0.999999999975,0.8852119186825269,1.0,0.67,False,False,9.703145265579224,2288,0.0056934,4996
N0,03608046-2bc3-4e78-8658-927b9937b474,1.0,0.8333333332916666,0.9621822535397317,1.0,0.67,True,False,12.480639457702637,2261,0.006412950000000001,4996
N0,87fb88a5-8638-497e-9ecb-6a1a2f18fc92,1.0,0.8333333332916666,0.8939295093704707,0.9090909090909091,0.4,True,False,12.318648099899292,2296,0.00728385,4996
N0,cc801098-eeb8-44fa-9191-7ee21cb9db6e,1.0,0.9999999999,0.0,0.0,0.0,False,True,5.845391273498535,2225,0.003831,4997
N0x,2f37a8b7-c504-4767-870c-83334f8a6076,1.0,0.32499999998375,0.8467899954926265,0.9166666666666666,0.62,False,False,13.288007974624634,2287,0.006842249999999999,5000
N0x,6368e843-2814-4e03-908a-aa1510199361,1.0,0.9999999999,0.8442784715411197,0.8888888888888888,0.44,False,False,11.204503297805786,2336,0.00585225,4998
N0x,35c6c84c-8f19-45af-96ef-9d5238c1991a,1.0,0.99999999995,0.9645039168434583,0.8571428571428571,0.5,,False,8.54625391960144,2268,0.005533349999999999,4999
N0x,134d2822-a8d4-4a83-ba81-c5461d009e0e,0.5,0.249999999975,0.8913725233416757,0.8,0.4,False,False,9.18442153930664,2240,0.0050652,5000
N0x,61b01463-74fd-446c-8757-c700dbfb480c,0.75,0.3333333333,0.8339189518209529,0.75,0.67,False,False,14.256620645523071,2290,0.008121,5000
N0x,407143ef-4bf1-45ef-a76d-f565592c973b,1.0,0.9999999999,0.9063490416181755,1.0,0.4,True,False,6.959895849227905,2240,0.0045885,4999
N0x,12cc0bbc-565c-4a83-86b9-b28ed3a323d0,1.0,0.19999999998,0.8855287411160591,0.6666666666666666,0.29,False,False,14.831831216812134,2269,0.0054153000000000005,4997
N0x,d4b6a331-52ba-4d46-97e4-9c2209f23766,1.0,0.49999999995,0.8740263056868763,1.0,0.25,True,False,7.364154577255249,2254,0.00476835,4998
N0x,9cd81ff8-ae29-4aa2-8eba-0f50c134188c,1.0,0.9999999999,0.8518773780161628,0.8571428571428571,0.6,True,False,8.869602680206299,2242,0.005767649999999999,4999
N0x,ae96dd5d-fab2-4328-b346-7a07dff3abfd,0.6666666666666666,0.499999999975,0.7157172051016786,0.9411764705882353,0.33,False,False,16.45033884048462,2273,0.00957435,5000
N0x,f6f13ba8-8b0f-4809-be37-06f7ba582e27,1.0,0.9999999999,0.7907053880303329,1.0,0.86,False,False,9.384928226470947,2144,0.0056895,4997
N0x,c7ce785d-4ffa-4ca6-a9ac-b7904e9e471f,1.0,0.9999999999,0.9317040956517775,1.0,0.67,True,False,7.429404973983765,2198,0.0046788,4998
N0x,9d62258a-ff3a-48c0-be11-0f89fb4086d7,1.0,0.9999999999,0.8911865375922237,0.8888888888888888,0.88,False,False,8.564592599868774,2218,0.0064113,4998
N0x,106dddc7-a09d-43a2-93dc-1bafaf510e68,1.0,0.49999999995,0.8934946096581644,0.9,0.29,False,False,10.256531238555908,2337,0.0065629500000000006,4998
N0x,c6b779de-ecf3-4ba5-b03a-5d82b0392285,1.0,0.7499999999625,0.9806708017933957,0.875,0.77,True,False,7.803902626037598,2395,0.00617235,4999
N0x,da9c57ce-7b06-4c04-b44f-99cfd7577b0c,1.0,0.3333333333,0.8636695828119395,1.0,0.89,False,False,7.742577075958252,2622,0.00507555,4994
N0x,d2efec11-7a38-49e4-8018-f96bc92a1a75,1.0,0.9999999999,0.7856362799664932,1.0,0.75,True,False,7.181498289108276,2310,0.00444585,4222
N0x,6390597c-cb4b-48e7-b5f1-d342c043cd05,1.0,0.9999999999,0.9898524112016034,0.8,0.33,True,False,7.105111122131348,2264,0.00474495,4997
N0x,11f1bcb8-432b-47b8-9692-7590586e72d6,1.0,0.9999999999666667,0.9460148159138351,0.9230769230769231,0.25,True,False,11.186199188232422,2200,0.0075522,4998
N0x,85a65d37-b7a1-4bee-b985-eacd5a8b9e7c,1.0,0.49999999995,0.8652740370035095,1.0,1.0,True,False,6.074846982955933,2466,0.00476655,4998
N0x,ed333d45-0cfb-4287-9815-96e4d9fb5961,1.0,0.99999999995,0.9214252050578475,0.8571428571428571,0.29,True,False,8.671938419342041,2190,0.00487005,4998
N0x,bfb18cd1-3456-4cbd-ac7b-2b5ffb5314b7,1.0,0.9999999999,0.9700627643382175,0.8333333333333334,0.5,True,False,7.671367168426514,2267,0.00519345,5000
N0x,97aa5705-f3ac-462d-badc-9769a8ace675,1.0,0.8333333332916666,0.866731007321082,1.0,0.75,True,False,5.41532039642334,2384,0.00438645,4999
N0x,9219fad6-a1a9-4bea-a1c3-aab1b26bf9d1,1.0,0.3333333333,0.9403879262305129,0.75,0.57,True,False,10.592152118682861,2424,0.005544299999999999,5000
N0x,b1e91bd5-9834-4f01-8bdc-4a544dd3f3f4,1.0,0.49999999995,0.7991238812158915,0.8,0.6,False,False,8.499967575073242,2031,0.004571550000000001,4186
N0x,5b4672b8-3cdc-4d1b-977e-58f4e92ba4cb,1.0,0.5833333333041666,0.8994449994295289,0.8333333333333334,0.0,False,False,6.751014709472656,2203,0.0048528,4998
N0x,97de5509-6bfe-4fe4-9158-46543f093add,0.8461538461538461,0.0,0.7818123817542588,0.9090909090909091,0.67,False,False,11.793126821517944,2297,0.0057588,4999
N0x,a20f039e-0194-4240-a688-a7e62d3550a6,1.0,0.9999999999,0.9609297688313879,1.0,0.8,True,False,5.287163496017456,2192,0.00383385,4998
N0x,e474aee8-cb34-4f04-903c-1ba4a7b50db0,1.0,0.9999999999,0.836494393401802,1.0,0.0,True,False,9.79923677444458,2190,0.005392350000000001,4999
N0x,ff20610a-4945-4c3f-8dd8-e583b0c283af,1.0,0.8333333332916666,0.9451753720797674,1.0,0.55,True,False,7.8082380294799805,2552,0.00604185,4994
N0x,4f35baa4-b609-4e83-9347-1b2526d08f24,0.0,0.49999999995,0.7666534823125509,0.9285714285714286,0.37,False,False,11.20689868927002,2519,0.00836325,4626
N0x,851e78c3-a993-42bc-b1d4-d4085d5547df,1.0,0.36666666664833336,0.8067181201120885,0.75,0.44,True,False,5.357454061508179,2548,0.0045842999999999995,4999
N0x,32d84f2c-49f2-4fdd-a96d-655161430b4c,1.0,0.9999999999,0.9509370951928523,1.0,0.5,False,False,6.200554370880127,2699,0.0049995,4960
N0x,5ae54223-038c-4c4d-bf57-3e86bb704227,1.0,0.19999999998,0.9514219377252461,0.75,0.5,False,False,6.036453485488892,2672,0.00537765,4960
N0x,d98358d4-6a1b-464b-8b89-7ec6260cff23,0.5,0.49999999995,0.9612033578268623,0.7142857142857143,0.0,True,False,7.111837863922119,2553,0.0052578,4959
N0x,06b30361-1bfa-407e-9b78-9690745b9d1f,1.0,0.249999999975,0.9199320293320931,1.0,0.67,False,False,5.6698479652404785,2706,0.00499485,4879
N0x,69567c46-cb0c-4ab7-a378-be5f1980cf7e,0.5,0.9999999999,0.9670408859548969,0.75,0.29,False,False,7.668781757354736,2676,0.0056358,4960
N0x,bb4ccac4-31c9-4518-b6a3-efbe81ce200f,0.0,0.0,0.0,0.8333333333333334,0.0,False,True,6.929469108581543,2488,0.00516435,4360
N0x,ceaceaf9-0dd2-4355-bf9b-5c9aa7812b27,0.0,0.9999999999666667,0.8706007567348188,0.7142857142857143,0.25,True,False,7.5715651512146,2191,0.0054519,4997
N0x,9e71f246-0928-4712-a5b2-df72ea1557c3,1.0,0.9166666666361111,0.9016212263342422,0.8,0.29,True,False,7.429569244384766,2377,0.0049119,4998
N0x,66ce07d6-7817-4e68-bace-49d30456e6aa,0.5,0.9999999999666667,0.8935138938615784,0.8333333333333334,0.29,True,False,6.363109350204468,2249,0.0048214500000000006,5000
N0x,6bb8222a-7301-4800-8d89-fc7cb9abb5c1,0.5,0.49999999995,0.94438956170043,0.6666666666666666,0.0,True,False,8.742411136627197,2149,0.0054165,5000
N0x,4471ef9d-bb0b-48d2-b99a-95a6573a07a8,0.5,0.99999999998,0.9059340966124217,0.75,0.29,True,False,8.28001070022583,2206,0.005178900000000001,4997
N0x,ad82ab23-b1ac-4f66-b25f-7ff19a55cade,0.5,0.999999999975,0.8139819822576206,0.75,0.8,True,False,7.477676153182983,2404,0.00442185,4998
N0x,c2a91850-e365-4d72-bb66-09723b02d41a,1.0,0.5833333333041666,0.8835847543651638,0.875,0.22,True,False,10.687741756439209,2113,0.006551700000000001,4999
N0x,6f852288-75d9-4bd9-bc1e-ecec03d093b3,1.0,0.99999999995,0.8645935438524138,0.8,0.75,True,False,8.12940239906311,2203,0.004818,4997
N0x,9bed8837-0e48-4ced-aeb7-2d9ee80090eb,1.0,0.4166666666458333,0.943246252552316,0.8571428571428571,0.4,True,False,8.17625904083252,2233,0.00505245,4997
N0x,751fcb88-83db-4e2a-b41d-b4a4f634293a,1.0,0.99999999998,0.9569361512647043,0.875,0.91,False,False,11.527999639511108,2203,0.00635535,4999
N0x,fbbaab7c-0d8e-4acb-999d-79b499067536,0.0,0.99999999998,0.9004521625731551,0.8571428571428571,0.0,False,False,16.738730907440186,2223,0.0097953,5000
N0x,9bf88c97-a8ce-47ff-b7cc-aaa5c65b9f4a,0.3333333333333333,0.9999999999,0.8451544162540923,1.0,0.29,True,False,7.1763012409210205,2403,0.00462915,4999
N0x,54d41af2-e6f2-4f23-8f4a-aec37e0ca252,1.0,0.99999999998,0.9605919780977722,0.8888888888888888,0.36,False,False,10.16430950164795,2286,0.006589050000000001,4635
N0x,5e5c3604-57f0-44be-9dea-94c46df4ec8e,0.0,0.9999999999,0.8468093209265184,0.8095238095238095,0.22,True,False,10.809290647506714,2322,0.0070854,4999
N0x,8856078f-597b-44df-b505-12fecdf50e41,0.0,0.5833333333041666,0.9805686221041218,0.9375,0.72,False,False,12.309223175048828,2280,0.0069249,4999
N0x,9aa10b67-6db5-4580-93e8-824c54d6566d,1.0,0.9999999999666667,0.939054654518865,0.6666666666666666,0.33,True,False,6.390655279159546,2270,0.0051051000000000004,5000
N0x,14485ad2-d182-46ad-a032-4f8325a5f6d5,1.0,0.9999999999,0.9547552486895966,0.8571428571428571,0.73,True,False,9.11365294456482,2408,0.006054899999999999,4998
N0x,57e7d74e-9e36-41e9-b690-75aae6f7d31d,1.0,0.9999999999,0.9502061429154035,0.8,0.75,False,False,6.395936965942383,2328,0.0045438,4999
N0x,d0c20bbf-4ee5-476e-a4d4-9f853574edfc,1.0,0.8333333332916666,0.9427586156334137,0.9090909090909091,0.75,False,False,9.823467493057251,2329,0.00684375,4998
N0x,ec346d29-a2dc-40ec-8ffb-9c788a4e4a4a,1.0,0.9166666666361111,0.9633585409176981,0.8,0.0,True,False,9.530251741409302,2398,0.00510765,4998
N0x,f4396fc3-0a8c-450e-8362-d058fe3d0e64,0.5,0.9999999999,0.884234846756269,0.6,0.0,True,True,5.886312484741211,2264,0.004348499999999999,5000
N0x,0a7c9388-b6c8-4b03-af53-efddf156d982,1.0,0.49999999995,0.9132676912120881,0.8571428571428571,0.5,False,False,6.493802070617676,2270,0.00482295,4999
N0x,668fedec-94e4-416c-8950-80bb1ddce0d6,0.0,0.0,0.9158030312614583,0.8333333333333334,0.2,False,False,10.664385318756104,2150,0.0051604500000000005,4997
N0x,008d1f5e-b60f-4bbf-b4af-cfe17348818f,1.0,0.3333333333,0.930666436175362,0.8333333333333334,0.0,False,False,8.05160140991211,2094,0.0050961,5000
N0x,562b4f9f-dcc7-443f-ad0a-035e3ecd82ee,1.0,0.49999999995,0.8124797431390238,0.875,0.77,False,False,8.753594160079956,2346,0.0059919,4999
N0x,9bc24ee8-8d5b-4ac0-9565-28a4bd231bee,0.9,0.9999999999,0.902805452707675,0.95,0.0,False,False,9.379502058029175,2377,0.00693555,5000
N0x,7ddeded7-3f51-4c22-a200-e2c33515349b,1.0,0.4166666666458333,0.863509449323078,0.8181818181818182,0.5,False,False,7.146445989608765,2580,0.0053554499999999994,5000
N0x,d9342bc4-9e4d-422b-a60c-c0089237a458,0.0,0.49999999995,0.7792267609332858,0.25,0.29,False,False,11.462967872619629,2395,0.004747950000000001,5000
N0x,5b80a317-7912-4780-9a94-e319e95fcf66,1.0,0.699999999965,0.8885735528889483,0.9090909090909091,0.75,True,False,8.098742485046387,2037,0.00537225,4998
N0x,f43e812e-ddf3-41a5-a975-c1e15f46b8dd,1.0,0.9999999999,0.8402682376095043,0.7142857142857143,0.0,True,False,9.468267679214478,2372,0.006096150000000001,4999
N0x,d5cfdfc2-3c7d-424d-a924-420bb1de6852,1.0,0.99999999998,0.9494252334828678,0.6666666666666666,0.57,False,False,6.7705957889556885,2226,0.00436365,4999
N0x,16ebc019-58e6-4227-ad65-80475d20eb41,0.8571428571428571,0.9999999999,0.8998118659509889,0.9285714285714286,0.62,True,True,10.541739702224731,2222,0.00665865,4999
N0x,7dc878fb-b988-4906-957c-cd6bb2026b54,1.0,0.8333333332916666,0.8579819774283006,1.0,0.8,False,False,6.111078977584839,2097,0.0040460999999999995,4998
N0x,41ddf622-edd5-4c9b-bf06-1d8b97d5f15a,1.0,0.9999999999,0.9088932586196865,0.6,0.0,False,False,10.460274696350098,2291,0.005691149999999999,4998
N0x,40cc1cd3-1ff1-4f80-be81-b6f64f0f4c43,1.0,0.9999999999,0.6863340761391344,0.75,0.33,True,False,6.137129545211792,2213,0.004571700000000001,4998
N0x,04e31836-1961-477c-9263-d3438806a6e0,0.5,0.7499999999625,0.9224597872504732,0.875,0.33,True,False,11.816885232925415,2176,0.0062248500000000005,4998
N0x,16a22171-31b1-46ee-864d-e45cd424d70c,1.0,0.47777777776185176,0.9054369486170231,0.8181818181818182,0.55,False,False,12.898054599761963,2312,0.0068578499999999995,4999
N0x,c1e363c7-8d8c-49a3-905c-b558ac4833ce,1.0,0.9999999999,0.9156845436899315,0.875,0.57,True,False,9.043618440628052,2115,0.0050472,5000
N0x,874d36fe-1ecb-4d2d-8bc1-bbffafb1f977,1.0,0.9999999999,0.862566148878191,0.8571428571428571,0.62,True,False,6.201759099960327,2259,0.00419565,4998
N0x,7ae1a685-d3a9-4c0a-819e-839ae61fd093,1.0,0.9999999999,0.9596123930101353,0.8181818181818182,0.89,True,False,7.646054983139038,2174,0.00444645,4999
N0x,83a8cae4-6b9f-4b10-bb7e-88289390bcab,0.0,0.94999999997625,0.931332207063498,0.8,0.33,False,False,8.136682033538818,2288,0.00632805,4998
N0x,5eed51cd-55da-4aac-b77a-44e50a6018a4,1.0,0.99999999995,0.873855298576984,0.875,0.67,True,False,6.787357807159424,2503,0.0057399,4632
N0x,1eb360e6-cbe4-4de4-b419-b01ac50325a0,1.0,0.249999999975,0.8617631605727976,1.0,0.93,True,False,7.300089597702026,2644,0.0062064,4997
N0x,ba6113f3-d0b8-4192-a17a-d1e69283db08,1.0,0.99999999995,0.9420261546910264,0.8571428571428571,0.73,,False,8.078981637954712,2372,0.0056343,4998
N0x,f267bb84-ee5d-4e07-97c1-87d9967f9a20,1.0,0.9999999999,0.8671277638198523,0.9166666666666666,0.88,,False,8.365211009979248,2571,0.00630915,4998
N0x,3fcb7a72-4ae1-4ed3-9114-ad5aa99a4d87,0.5,0.9999999999,0.9382923205367778,0.8888888888888888,0.57,,False,9.441038608551025,2343,0.0063168,4998
N0x,c8d473e3-ed87-4105-bc51-c19a9457ccd1,1.0,0.49999999995,0.8924120455311209,0.8571428571428571,0.8,True,False,8.531234979629517,2349,0.0066867,4999
N0x,138ea29e-52d8-4844-9a16-a577fef42606,0.8,0.9999999999,0.9526002509708539,0.875,0.8,False,False,7.596739768981934,2257,0.00543885,4997
N0x,fa999f46-f122-424f-b1d0-1ad284ef03f5,1.0,0.99999999995,0.9511133284062362,0.8888888888888888,0.6,False,False,9.131001472473145,2276,0.0063918,4999
N0x,04e9ba53-8f3e-4445-84b1-22cf37824f95,1.0,0.99999999995,0.9600738098634464,0.8,0.33,True,False,6.607327222824097,2338,0.0049623,4819
N0x,c9742d52-344f-4363-b151-e981bb5d81f1,1.0,0.99999999995,0.8291268572872615,0.8888888888888888,0.25,True,False,9.711964130401611,2351,0.0059814,4999
N0x,3397ae7a-cad6-4331-b744-968656e3a8f7,1.0,0.699999999965,0.8813406131768213,0.8333333333333334,0.0,True,False,8.28856873512268,2376,0.00619635,4818
N0x,146dcb12-96c7-404d-b90a-e04073bd25dd,0.0,0.0,0.9599108271114096,0.9166666666666666,0.31,False,False,10.7490816116333,2182,0.00664515,4998
N0x,70ca5178-6463-4fc4-8919-ff68db5676af,0.0,0.0,0.8392010804128011,0.9,0.0,False,False,12.79581594467163,2090,0.0072747,4994
N0x,01948953-7d5b-4e53-9e6b-f7ef6b8630dc,1.0,0.49999999995,0.9053494425530959,0.9166666666666666,0.96,False,False,11.17373275756836,2341,0.00613905,4995
N0x,ae780d4a-85bd-41ae-8a75-ce9bff08a2fc,1.0,0.94999999997625,0.8772271351341366,0.6666666666666666,0.57,False,False,8.56205439567566,2324,0.0050649,4998
N0x,03608046-2bc3-4e78-8658-927b9937b474,1.0,0.7499999999625,0.924782546915847,0.8571428571428571,0.0,True,False,12.467831134796143,2129,0.00738495,4996
N0x,87fb88a5-8638-497e-9ecb-6a1a2f18fc92,1.0,0.8055555555287036,0.9208719910800042,0.8571428571428571,0.4,True,False,10.633318424224854,2315,0.006277349999999999,4996
N0x,cc801098-eeb8-44fa-9191-7ee21cb9db6e,1.0,0.7555555555303703,0.8768589544017613,1.0,0.0,True,False,6.939545392990112,2428,0.004518,4999
PC-dense,2f37a8b7-c504-4767-870c-83334f8a6076,1.0,0.8874999999778125,0.8477646571648508,0.9285714285714286,0.71,True,False,14.42220163345337,28095,0.04742925,86618
PC-dense,6368e843-2814-4e03-908a-aa1510199361,1.0,0.9999999999,0.9228744147487686,0.8333333333333334,0.4,True,False,11.783654928207397,6491,0.01375725,22489
PC-dense,35c6c84c-8f19-45af-96ef-9d5238c1991a,1.0,0.99999999995,0.9654492811335065,0.8571428571428571,0.67,,False,13.288072347640991,7348,0.01443585,26233
PC-dense,134d2822-a8d4-4a83-ba81-c5461d009e0e,1.0,0.99999999995,0.8777075588939778,0.8571428571428571,0.67,True,False,8.327158689498901,17312,0.028273200000000002,57692
PC-dense,61b01463-74fd-446c-8757-c700dbfb480c,1.0,0.99999999995,0.9123545071084347,0.9090909090909091,0.55,True,False,11.741161584854126,3992,0.010209000000000001,12294
PC-dense,407143ef-4bf1-45ef-a76d-f565592c973b,1.0,0.9999999999,0.8728079802396386,1.0,0.67,True,False,6.431304693222046,1787,0.0039765,3311
PC-dense,12cc0bbc-565c-4a83-86b9-b28ed3a323d0,1.0,0.6388888888675925,0.9602131095039046,0.9,0.73,True,False,8.253154993057251,4378,0.0087738,13878
PC-dense,d4b6a331-52ba-4d46-97e4-9c2209f23766,1.0,0.9999999999,0.827771888384926,0.8333333333333334,0.8,True,False,7.839594125747681,6125,0.01063485,22100
PC-dense,9cd81ff8-ae29-4aa2-8eba-0f50c134188c,1.0,0.9999999999,0.9000912456094072,0.8571428571428571,0.83,True,False,8.005830526351929,4021,0.00812115,12397
PC-dense,ae96dd5d-fab2-4328-b346-7a07dff3abfd,0.0,0.699999999965,0.8731460047049849,0.9230769230769231,0.21,False,False,11.630063533782959,4217,0.01138785,13244
PC-dense,f6f13ba8-8b0f-4809-be37-06f7ba582e27,1.0,0.9999999999,0.9721060765598355,0.8888888888888888,0.71,True,False,11.277198791503906,2147,0.0076215,4503
PC-dense,c7ce785d-4ffa-4ca6-a9ac-b7904e9e471f,1.0,0.9999999999,0.9317040956517775,1.0,0.67,True,False,7.28112530708313,2040,0.0043818,4134
PC-dense,9d62258a-ff3a-48c0-be11-0f89fb4086d7,1.0,0.9999999999,0.9010910356178372,0.9,0.82,True,False,10.343875885009766,2219,0.006742800000000001,5011
PC-dense,106dddc7-a09d-43a2-93dc-1bafaf510e68,1.0,0.9999999999,0.8962817175595356,0.8888888888888888,0.0,True,False,10.645593643188477,2437,0.0059929499999999995,5710
PC-dense,c6b779de-ecf3-4ba5-b03a-5d82b0392285,1.0,0.9999999999,0.9589459680840335,0.8888888888888888,0.71,True,False,8.385954856872559,2593,0.00692685,6417
PC-dense,da9c57ce-7b06-4c04-b44f-99cfd7577b0c,0.8,0.9999999999666667,0.854919845811507,1.0,0.89,True,False,6.967439651489258,6241,0.01053405,18852
PC-dense,d2efec11-7a38-49e4-8018-f96bc92a1a75,1.0,0.9999999999,0.7867727402110372,0.8,0.75,True,False,7.454652786254883,4253,0.00739035,13158
PC-dense,6390597c-cb4b-48e7-b5f1-d342c043cd05,1.0,0.99999999995,0.9885219997063578,0.875,0.6,True,False,10.073018550872803,5671,0.010680450000000001,20454
PC-dense,11f1bcb8-432b-47b8-9692-7590586e72d6,1.0,0.7555555555303703,0.9350451036104526,0.9230769230769231,0.17,True,False,12.660606861114502,7195,0.014857199999999997,27134
PC-dense,85a65d37-b7a1-4bee-b985-eacd5a8b9e7c,1.0,0.94999999997625,0.8652740370035095,0.9,0.84,True,False,6.873396635055542,12205,0.01940505,47792
PC-dense,ed333d45-0cfb-4287-9815-96e4d9fb5961,1.0,0.999999999975,0.9318724531646373,0.6666666666666666,0.33,True,False,7.85978102684021,9049,0.015286049999999999,35004
PC-dense,bfb18cd1-3456-4cbd-ac7b-2b5ffb5314b7,1.0,0.8874999999778125,0.9664477999120444,0.9090909090909091,0.46,True,False,10.841685771942139,9659,0.01669395,37032
PC-dense,97aa5705-f3ac-462d-badc-9769a8ace675,1.0,0.6999999999766667,0.866731007321082,1.0,0.57,True,False,6.714533805847168,10572,0.01666845,40798
PC-dense,9219fad6-a1a9-4bea-a1c3-aab1b26bf9d1,1.0,0.7499999999625,0.9403879262305129,1.0,0.67,True,False,11.384313106536865,9386,0.0157323,35604
PC-dense,b1e91bd5-9834-4f01-8bdc-4a544dd3f3f4,1.0,0.99999999998,0.9027101407401873,1.0,0.75,True,False,11.328706741333008,12690,0.02136255,51810
PC-dense,5b4672b8-3cdc-4d1b-977e-58f4e92ba4cb,1.0,0.999999999975,0.8992035081255549,0.8333333333333334,0.25,True,False,10.781374216079712,11105,0.018670799999999998,44519
PC-dense,97de5509-6bfe-4fe4-9158-46543f093add,1.0,0.999999999975,0.7406666634455018,0.9375,0.0,True,False,14.728156805038452,12873,0.0252303,52405
PC-dense,a20f039e-0194-4240-a688-a7e62d3550a6,1.0,0.9999999999666667,0.974303119533428,0.8333333333333334,0.44,True,False,9.796656370162964,8520,0.015028350000000001,33330
PC-dense,e474aee8-cb34-4f04-903c-1ba4a7b50db0,1.0,0.8041666666465626,0.8108196191929123,1.0,0.22,True,False,12.15007209777832,11095,0.019327350000000004,44519
PC-dense,ff20610a-4945-4c3f-8dd8-e583b0c283af,1.0,0.99999999995,0.862307595030588,1.0,0.6,True,False,5.670187950134277,7615,0.012346349999999999,29398
PC-dense,4f35baa4-b609-4e83-9347-1b2526d08f24,1.0,0.9999999999666667,0.7839867951030562,0.9444444444444444,0.57,True,False,12.104950904846191,4056,0.011636249999999999,13466
PC-dense,851e78c3-a993-42bc-b1d4-d4085d5547df,1.0,0.9999999999666667,0.8100412834224083,1.0,0.5,True,False,6.886967897415161,4615,0.007429799999999999,16042
PC-dense,32d84f2c-49f2-4fdd-a96d-655161430b4c,1.0,0.99999999998,0.9104827471785755,1.0,1.0,True,False,6.717100381851196,30496,0.0466875,67620
PC-dense,5ae54223-038c-4c4d-bf57-3e86bb704227,0.0,0.99999999998,0.9499453591042263,0.5,0.57,True,False,6.3224992752075195,30497,0.046867650000000004,67620
PC-dense,d98358d4-6a1b-464b-8b89-7ec6260cff23,0.5,0.999999999975,0.9629742151457688,1.0,0.67,True,False,7.60856294631958,25606,0.0395823,58784
PC-dense,06b30361-1bfa-407e-9b78-9690745b9d1f,0.0,0.99999999998,0.9731423433678341,0.75,0.4,True,False,7.328708171844482,30463,0.046847849999999996,67620
PC-dense,69567c46-cb0c-4ab7-a378-be5f1980cf7e,0.5,0.99999999998,0.9673558136673213,0.8571428571428571,0.29,True,False,8.580174446105957,30473,0.0475563,67620
PC-dense,bb4ccac4-31c9-4518-b6a3-efbe81ce200f,0.0,0.99999999998,0.9659533291848901,0.8,0.67,True,False,6.768146753311157,30482,0.046952850000000004,67620
PC-dense,ceaceaf9-0dd2-4355-bf9b-5c9aa7812b27,0.0,0.9999999999,0.938755203620107,0.9333333333333333,0.0,True,False,13.648573398590088,8307,0.0158859,31677
PC-dense,9e71f246-0928-4712-a5b2-df72ea1557c3,1.0,0.9999999999,0.8937776298285197,0.6666666666666666,0.0,True,False,8.132202863693237,1835,0.0039939,3094
PC-dense,66ce07d6-7817-4e68-bace-49d30456e6aa,0.0,0.9999999999,0.8817870456528181,0.9166666666666666,0.0,True,False,9.619243621826172,1834,0.00560145,3084
PC-dense,6bb8222a-7301-4800-8d89-fc7cb9abb5c1,0.5,0.8333333332916666,0.9427759784930901,0.8,0.0,True,False,10.182272672653198,1496,0.0050745,2179
PC-dense,4471ef9d-bb0b-48d2-b99a-95a6573a07a8,0.5,0.99999999995,0.9050507005541428,0.875,0.25,True,False,6.861158132553101,1269,0.0035258999999999998,1535
PC-dense,ad82ab23-b1ac-4f66-b25f-7ff19a55cade,0.5,0.99999999995,0.8592341299135,0.8571428571428571,0.4,True,False,8.181978702545166,1821,0.00461985,3059
PC-dense,c2a91850-e365-4d72-bb66-09723b02d41a,1.0,0.9999999999,0.9017325675432643,0.9,0.36,True,False,11.724138975143433,3594,0.0092607,12038
PC-dense,6f852288-75d9-4bd9-bc1e-ecec03d093b3,1.0,0.94999999997625,0.888173262500205,0.8,0.55,True,False,8.983352184295654,16794,0.026907,60136
PC-dense,9bed8837-0e48-4ced-aeb7-2d9ee80090eb,0.5,0.999999999975,0.9390196482286575,0.8,0.57,True,False,8.823125839233398,2749,0.00658395,6833
PC-dense,751fcb88-83db-4e2a-b41d-b4a4f634293a,0.6666666666666666,0.99999999998,0.9568089474670216,0.9,0.62,False,False,14.167688846588135,4799,0.01272435,18340
PC-dense,fbbaab7c-0d8e-4acb-999d-79b499067536,1.0,0.99999999998,0.929129860860825,0.8666666666666667,0.0,True,False,16.890760898590088,7608,0.0176328,28674
PC-dense,9bf88c97-a8ce-47ff-b7cc-aaa5c65b9f4a,0.6666666666666666,0.99999999995,0.8994604739401904,1.0,0.0,True,False,11.775635719299316,5651,0.01087365,18871
PC-dense,54d41af2-e6f2-4f23-8f4a-aec37e0ca252,1.0,0.94999999997625,0.9623815251254472,0.8,0.67,True,False,9.009246587753296,7292,0.01283055,25968
PC-dense,5e5c3604-57f0-44be-9dea-94c46df4ec8e,0.0,0.9999999999,0.9143609122037174,0.8421052631578947,0.36,True,False,12.528880596160889,5771,0.012273899999999999,19651
PC-dense,8856078f-597b-44df-b505-12fecdf50e41,0.0,0.9999999999666667,0.9619806062915286,0.9411764705882353,0.83,True,False,20.90379047393799,5813,0.0175344,19964
PC-dense,9aa10b67-6db5-4580-93e8-824c54d6566d,1.0,0.99999999998,0.9432083808756223,1.0,0.33,True,False,11.614277124404907,9245,0.0160701,34571
PC-dense,14485ad2-d182-46ad-a032-4f8325a5f6d5,1.0,0.9999999999,0.9556303858542234,0.8571428571428571,0.73,True,False,8.825069427490234,1891,0.0051218999999999995,3087
PC-dense,57e7d74e-9e36-41e9-b690-75aae6f7d31d,1.0,0.9999999999,0.9528123513195007,0.8,0.67,True,False,6.8573386669158936,2186,0.004270800000000001,5276
PC-dense,d0c20bbf-4ee5-476e-a4d4-9f853574edfc,1.0,0.9999999999,0.9732919090004692,0.9,0.67,True,False,8.696930885314941,1777,0.00576075,2992
PC-dense,ec346d29-a2dc-40ec-8ffb-9c788a4e4a4a,1.0,0.99999999995,0.960955052513524,0.8,0.0,True,False,9.727130651473999,3517,0.00693615,10138
PC-dense,f4396fc3-0a8c-450e-8362-d058fe3d0e64,0.5,0.249999999975,0.881542694897953,1.0,0.0,True,True,10.394525527954102,2823,0.005262,7346
PC-dense,0a7c9388-b6c8-4b03-af53-efddf156d982,1.0,0.9999999999,0.8896723747773344,0.8333333333333334,0.57,True,False,8.598769664764404,3307,0.00640845,10617
PC-dense,668fedec-94e4-416c-8950-80bb1ddce0d6,0.0,0.49999999995,0.9168421815984178,0.8571428571428571,0.0,True,True,8.034700870513916,2859,0.006666449999999999,8363
PC-dense,008d1f5e-b60f-4bbf-b4af-cfe17348818f,1.0,0.36666666664833336,0.9439279298095209,0.8,0.0,True,False,6.723058700561523,2828,0.0054021,8512
PC-dense,562b4f9f-dcc7-443f-ad0a-035e3ecd82ee,1.0,0.9999999999,0.9004152250877944,0.7777777777777778,0.91,True,False,8.300660610198975,1921,0.005766899999999999,3248
PC-dense,9bc24ee8-8d5b-4ac0-9565-28a4bd231bee,1.0,0.99999999995,0.8904220076275555,0.9565217391304348,0.11,True,False,13.229506254196167,14159,0.02531355,57022
PC-dense,7ddeded7-3f51-4c22-a200-e2c33515349b,1.0,0.7555555555303703,0.8192685383759455,0.5,0.0,True,False,8.363677740097046,1233,0.0032974500000000004,670
PC-dense,d9342bc4-9e4d-422b-a60c-c0089237a458,0.0,0.94999999997625,0.8688032707478344,0.8571428571428571,0.33,True,False,7.353166341781616,1991,0.005214450000000001,4110
PC-dense,5b80a317-7912-4780-9a94-e319e95fcf66,0.75,0.9999999999,0.8866041012357723,0.9411764705882353,0.5,True,False,12.854028940200806,1923,0.00620625,4769
PC-dense,f43e812e-ddf3-41a5-a975-c1e15f46b8dd,1.0,0.9999999999,0.8696634671970885,0.8571428571428571,0.25,True,False,11.107019186019897,1863,0.00510765,3078
PC-dense,d5cfdfc2-3c7d-424d-a924-420bb1de6852,1.0,0.99999999998,0.9497511658538409,0.8,0.89,True,False,6.496922492980957,3808,0.00657915,13567
PC-dense,16ebc019-58e6-4227-ad65-80475d20eb41,0.8571428571428571,0.49999999995,0.8457963929715814,0.9090909090909091,0.82,True,True,9.567978143692017,1927,0.00565365,3685
PC-dense,7dc878fb-b988-4906-957c-cd6bb2026b54,1.0,0.9999999999,0.8309354384050122,0.5714285714285714,0.0,True,False,10.78442120552063,3028,0.0069726,8440
PC-dense,41ddf622-edd5-4c9b-bf06-1d8b97d5f15a,1.0,0.99999999995,0.9203638833967565,0.8333333333333334,0.0,True,False,9.138007640838623,2931,0.0069736500000000005,7998
PC-dense,40cc1cd3-1ff1-4f80-be81-b6f64f0f4c43,0.0,0.0,0.0,0.0,0.0,False,True,8.300949096679688,3139,0.005285700000000001,8788
PC-dense,04e31836-1961-477c-9263-d3438806a6e0,1.0,0.9999999999,0.8356853269294723,0.875,0.57,True,False,9.360798835754395,2901,0.0064798500000000005,8595
PC-dense,16a22171-31b1-46ee-864d-e45cd424d70c,1.0,0.94999999997625,0.966677584791433,0.8888888888888888,0.6,True,False,10.154622316360474,25833,0.04094685000000001,109554
PC-dense,c1e363c7-8d8c-49a3-905c-b558ac4833ce,1.0,0.9999999999,0.941603104989845,0.8461538461538461,0.44,True,False,11.128714323043823,8840,0.0162522,34211
PC-dense,874d36fe-1ecb-4d2d-8bc1-bbffafb1f977,0.75,0.9999999999,0.9643652747641088,0.8571428571428571,0.62,True,False,6.745487928390503,9218,0.01480665,35733
PC-dense,7ae1a685-d3a9-4c0a-819e-839ae61fd093,1.0,0.9999999999,0.9712433486812416,0.9,0.89,True,False,6.10446572303772,2079,0.004416450000000001,4648
PC-dense,83a8cae4-6b9f-4b10-bb7e-88289390bcab,0.5,0.9999999999666667,0.9200932133199033,0.875,0.18,False,False,9.994068145751953,1709,0.005137050000000001,2848
PC-dense,5eed51cd-55da-4aac-b77a-44e50a6018a4,1.0,0.94999999997625,0.864881090706506,0.7777777777777778,0.5,True,False,7.735421657562256,17354,0.0278514,65861
PC-dense,1eb360e6-cbe4-4de4-b419-b01ac50325a0,1.0,0.7555555555303703,0.8743654851416843,1.0,0.94,True,False,8.732038736343384,14960,0.024740400000000003,55936
PC-dense,ba6113f3-d0b8-4192-a17a-d1e69283db08,1.0,0.7499999999625,0.8844435197122379,0.875,0.67,,False,10.710023641586304,8340,0.015538800000000002,29597
PC-dense,f267bb84-ee5d-4e07-97c1-87d9967f9a20,1.0,0.999999999975,0.8872292006716737,0.9166666666666666,0.82,,False,9.448936939239502,22958,0.03714465,80719
PC-dense,3fcb7a72-4ae1-4ed3-9114-ad5aa99a4d87,1.0,0.9999999999,0.8754207349710054,0.8333333333333334,0.67,,False,8.619579792022705,14978,0.024241799999999997,49236
PC-dense,c8d473e3-ed87-4105-bc51-c19a9457ccd1,1.0,0.9999999999,0.8932453498692774,0.7142857142857143,0.6,True,False,9.053508520126343,16634,0.027506700000000002,55721
PC-dense,138ea29e-52d8-4844-9a16-a577fef42606,0.8,0.9999999999,0.8876240099743359,0.9,0.73,True,False,10.527593612670898,2823,0.00710535,7472
PC-dense,fa999f46-f122-424f-b1d0-1ad284ef03f5,0.0,0.0,0.0,0.6,0.0,False,True,8.948220491409302,1441,0.0038267999999999996,1848
PC-dense,04e9ba53-8f3e-4445-84b1-22cf37824f95,1.0,0.9999999999666667,0.9601889172742466,1.0,0.75,True,False,7.1794352531433105,5560,0.0096153,18925
PC-dense,c9742d52-344f-4363-b151-e981bb5d81f1,1.0,0.9999999999666667,0.838223289605286,1.0,0.5,True,False,8.040135383605957,5657,0.010370399999999998,19200
PC-dense,3397ae7a-cad6-4331-b744-968656e3a8f7,1.0,0.94999999997625,0.8673402309028607,0.8,0.4,True,False,7.518761157989502,7539,0.012958349999999999,26346
PC-dense,146dcb12-96c7-404d-b90a-e04073bd25dd,1.0,0.9999999999,0.9749081214390636,0.7272727272727273,0.22,True,False,13.344761610031128,3078,0.00996165,8577
PC-dense,70ca5178-6463-4fc4-8919-ff68db5676af,1.0,0.99999999995,0.9462662911272129,0.9,0.0,True,False,13.697038888931274,2884,0.0083232,8111
PC-dense,01948953-7d5b-4e53-9e6b-f7ef6b8630dc,1.0,0.9999999999,0.8910251602696673,1.0,0.95,True,False,11.569472551345825,5214,0.01004355,17847
PC-dense,ae780d4a-85bd-41ae-8a75-ce9bff08a2fc,1.0,0.9166666666361111,0.9592279769385176,1.0,0.0,True,False,8.205052614212036,5333,0.009623399999999999,17715
PC-dense,03608046-2bc3-4e78-8658-927b9937b474,1.0,0.8041666666465626,0.9224973860138399,0.8,0.0,True,False,10.512301683425903,3745,0.00914145,11505
PC-dense,87fb88a5-8638-497e-9ecb-6a1a2f18fc92,1.0,0.999999999975,0.9059740350155964,0.9285714285714286,0.36,True,False,10.646672248840332,5161,0.01080885,17180
PC-dense,cc801098-eeb8-44fa-9191-7ee21cb9db6e,1.0,0.99999999998,0.8618083489517477,1.0,0.0,True,False,8.504605770111084,9166,0.015435,34041
closed-book,2f37a8b7-c504-4767-870c-83334f8a6076,,,,,0.29,,,13.407696723937988,97,0.0085755,0
closed-book,6368e843-2814-4e03-908a-aa1510199361,,,,,0.4,,,15.173977136611938,99,0.0067935,0
closed-book,35c6c84c-8f19-45af-96ef-9d5238c1991a,,,,,0.33,,,9.935739517211914,90,0.0039375,0
closed-book,134d2822-a8d4-4a83-ba81-c5461d009e0e,,,,,0.4,,,13.838095903396606,97,0.0065355,0
closed-book,61b01463-74fd-446c-8757-c700dbfb480c,,,,,0.11,,,12.65841031074524,83,0.0064545,0
closed-book,407143ef-4bf1-45ef-a76d-f565592c973b,,,,,0.0,,,9.904271602630615,88,0.004527000000000001,0
closed-book,12cc0bbc-565c-4a83-86b9-b28ed3a323d0,,,,,0.25,,,12.45213770866394,80,0.005055,0
closed-book,d4b6a331-52ba-4d46-97e4-9c2209f23766,,,,,0.14,,,11.20411205291748,81,0.004374,0
closed-book,9cd81ff8-ae29-4aa2-8eba-0f50c134188c,,,,,0.2,,,7.42466139793396,90,0.0033675000000000003,0
closed-book,ae96dd5d-fab2-4328-b346-7a07dff3abfd,,,,,0.0,,,15.613956451416016,94,0.0084735,0
closed-book,f6f13ba8-8b0f-4809-be37-06f7ba582e27,,,,,0.15,,,10.300772190093994,85,0.0066825,0
closed-book,c7ce785d-4ffa-4ca6-a9ac-b7904e9e471f,,,,,0.0,,,11.00133991241455,71,0.0051015,0
closed-book,9d62258a-ff3a-48c0-be11-0f89fb4086d7,,,,,0.19,,,13.22498369216919,73,0.0067545,0
closed-book,106dddc7-a09d-43a2-93dc-1bafaf510e68,,,,,0.31,,,11.834882259368896,112,0.0062204999999999995,0
closed-book,c6b779de-ecf3-4ba5-b03a-5d82b0392285,,,,,0.5,,,10.042573690414429,81,0.004869,0
closed-book,da9c57ce-7b06-4c04-b44f-99cfd7577b0c,,,,,0.0,,,10.414490222930908,86,0.0026864999999999997,0
closed-book,d2efec11-7a38-49e4-8018-f96bc92a1a75,,,,,0.57,,,6.480722665786743,74,0.0019485,0
closed-book,6390597c-cb4b-48e7-b5f1-d342c043cd05,,,,,0.0,,,12.511829614639282,67,0.0050655000000000006,0
closed-book,11f1bcb8-432b-47b8-9692-7590586e72d6,,,,,0.2,,,9.395015716552734,71,0.003459,0
closed-book,85a65d37-b7a1-4bee-b985-eacd5a8b9e7c,,,,,0.14,,,10.571082353591919,84,0.005991000000000001,0
closed-book,ed333d45-0cfb-4287-9815-96e4d9fb5961,,,,,0.31,,,13.444620847702026,81,0.004314,0
closed-book,bfb18cd1-3456-4cbd-ac7b-2b5ffb5314b7,,,,,0.4,,,9.316982746124268,78,0.004556999999999999,0
closed-book,97aa5705-f3ac-462d-badc-9769a8ace675,,,,,0.0,,,10.63664722442627,81,0.0041415,0
closed-book,9219fad6-a1a9-4bea-a1c3-aab1b26bf9d1,,,,,0.17,,,11.339563369750977,97,0.0054405,0
closed-book,b1e91bd5-9834-4f01-8bdc-4a544dd3f3f4,,,,,0.33,,,11.932152271270752,77,0.005118,0
closed-book,5b4672b8-3cdc-4d1b-977e-58f4e92ba4cb,,,,,0.12,,,11.716667413711548,83,0.005029499999999999,0
closed-book,97de5509-6bfe-4fe4-9158-46543f093add,,,,,0.22,,,13.05970311164856,81,0.006909,0
closed-book,a20f039e-0194-4240-a688-a7e62d3550a6,,,,,0.17,,,12.549577713012695,65,0.002505,0
closed-book,e474aee8-cb34-4f04-903c-1ba4a7b50db0,,,,,0.0,,,13.889861822128296,76,0.007314,0
closed-book,ff20610a-4945-4c3f-8dd8-e583b0c283af,,,,,0.25,,,12.79947018623352,97,0.007083,0
closed-book,4f35baa4-b609-4e83-9347-1b2526d08f24,,,,,0.11,,,13.975484848022461,119,0.0072959999999999995,0
closed-book,851e78c3-a993-42bc-b1d4-d4085d5547df,,,,,0.0,,,10.059810400009155,103,0.004077000000000001,0
closed-book,32d84f2c-49f2-4fdd-a96d-655161430b4c,,,,,0.0,,,8.062236309051514,95,0.0017625,0
closed-book,5ae54223-038c-4c4d-bf57-3e86bb704227,,,,,0.18,,,15.536017656326294,95,0.0037349999999999996,0
closed-book,d98358d4-6a1b-464b-8b89-7ec6260cff23,,,,,0.4,,,12.02298879623413,94,0.0066359999999999995,0
closed-book,06b30361-1bfa-407e-9b78-9690745b9d1f,,,,,0.0,,,9.78681206703186,73,0.0033795000000000006,0
closed-book,69567c46-cb0c-4ab7-a378-be5f1980cf7e,,,,,0.22,,,11.608043909072876,80,0.004710000000000001,0
closed-book,bb4ccac4-31c9-4518-b6a3-efbe81ce200f,,,,,0.0,,,11.539628982543945,82,0.0037454999999999997,0
closed-book,ceaceaf9-0dd2-4355-bf9b-5c9aa7812b27,,,,,0.0,,,12.368936538696289,84,0.005586000000000001,0
closed-book,9e71f246-0928-4712-a5b2-df72ea1557c3,,,,,0.31,,,11.313286542892456,75,0.0049725,0
closed-book,66ce07d6-7817-4e68-bace-49d30456e6aa,,,,,0.0,,,8.925132274627686,77,0.0038805,0
closed-book,6bb8222a-7301-4800-8d89-fc7cb9abb5c1,,,,,0.5,,,9.041635751724243,60,0.004275,0
closed-book,4471ef9d-bb0b-48d2-b99a-95a6573a07a8,,,,,0.27,,,10.658382654190063,63,0.004407,0
closed-book,ad82ab23-b1ac-4f66-b25f-7ff19a55cade,,,,,0.0,,,7.8842997550964355,72,0.002583,0
closed-book,c2a91850-e365-4d72-bb66-09723b02d41a,,,,,0.22,,,12.513871431350708,71,0.006789,0
closed-book,6f852288-75d9-4bd9-bc1e-ecec03d093b3,,,,,0.2,,,14.41195821762085,82,0.0060855,0
closed-book,9bed8837-0e48-4ced-aeb7-2d9ee80090eb,,,,,0.0,,,8.868359327316284,76,0.0035039999999999997,0
closed-book,751fcb88-83db-4e2a-b41d-b4a4f634293a,,,,,0.15,,,12.242109298706055,85,0.0075075,0
closed-book,fbbaab7c-0d8e-4acb-999d-79b499067536,,,,,0.0,,,9.427612781524658,80,0.0040950000000000005,0
closed-book,9bf88c97-a8ce-47ff-b7cc-aaa5c65b9f4a,,,,,0.0,,,9.946308851242065,86,0.0046289999999999994,0
closed-book,54d41af2-e6f2-4f23-8f4a-aec37e0ca252,,,,,0.44,,,9.616731882095337,89,0.004611,0
closed-book,5e5c3604-57f0-44be-9dea-94c46df4ec8e,,,,,0.17,,,10.54024362564087,68,0.0045119999999999995,0
closed-book,8856078f-597b-44df-b505-12fecdf50e41,,,,,0.43,,,11.731773138046265,67,0.0055980000000000005,0
closed-book,9aa10b67-6db5-4580-93e8-824c54d6566d,,,,,0.25,,,9.173996925354004,65,0.0039900000000000005,0
closed-book,14485ad2-d182-46ad-a032-4f8325a5f6d5,,,,,0.55,,,10.594736814498901,100,0.00513,0
closed-book,57e7d74e-9e36-41e9-b690-75aae6f7d31d,,,,,0.0,,,9.159898281097412,78,0.0036119999999999998,0
closed-book,d0c20bbf-4ee5-476e-a4d4-9f853574edfc,,,,,0.4,,,9.842540740966797,85,0.0036674999999999998,0
closed-book,ec346d29-a2dc-40ec-8ffb-9c788a4e4a4a,,,,,0.0,,,7.2188615798950195,78,0.0022844999999999996,0
closed-book,f4396fc3-0a8c-450e-8362-d058fe3d0e64,,,,,0.17,,,11.840083122253418,91,0.0057465,0
closed-book,0a7c9388-b6c8-4b03-af53-efddf156d982,,,,,0.0,,,10.851629734039307,73,0.0036420000000000003,0
closed-book,668fedec-94e4-416c-8950-80bb1ddce0d6,,,,,0.1,,,13.415741682052612,77,0.0065655,0
closed-book,008d1f5e-b60f-4bbf-b4af-cfe17348818f,,,,,0.0,,,10.823097229003906,63,0.005052,0
closed-book,562b4f9f-dcc7-443f-ad0a-035e3ecd82ee,,,,,0.25,,,12.085974931716919,95,0.0043425,0
closed-book,9bc24ee8-8d5b-4ac0-9565-28a4bd231bee,,,,,0.0,,,12.970873832702637,85,0.005415,0
closed-book,7ddeded7-3f51-4c22-a200-e2c33515349b,,,,,0.4,,,7.565883159637451,82,0.002538,0
closed-book,d9342bc4-9e4d-422b-a60c-c0089237a458,,,,,0.43,,,10.199461936950684,78,0.002967,0
closed-book,5b80a317-7912-4780-9a94-e319e95fcf66,,,,,0.22,,,12.40147066116333,85,0.0052049999999999996,0
closed-book,f43e812e-ddf3-41a5-a975-c1e15f46b8dd,,,,,0.36,,,10.576135635375977,68,0.0039045,0
closed-book,d5cfdfc2-3c7d-424d-a924-420bb1de6852,,,,,0.0,,,10.104942321777344,92,0.0044055,0
closed-book,16ebc019-58e6-4227-ad65-80475d20eb41,,,,,0.57,,,10.784152269363403,74,0.004296,0
closed-book,7dc878fb-b988-4906-957c-cd6bb2026b54,,,,,0.18,,,13.200093984603882,81,0.005934,0
closed-book,41ddf622-edd5-4c9b-bf06-1d8b97d5f15a,,,,,0.18,,,11.27904486656189,89,0.0049335,0
closed-book,40cc1cd3-1ff1-4f80-be81-b6f64f0f4c43,,,,,0.6,,,8.871341943740845,71,0.0032189999999999996,0
closed-book,04e31836-1961-477c-9263-d3438806a6e0,,,,,0.25,,,10.041652917861938,73,0.004632000000000001,0
closed-book,16a22171-31b1-46ee-864d-e45cd424d70c,,,,,0.0,,,8.6203031539917,90,0.002625,0
closed-book,c1e363c7-8d8c-49a3-905c-b558ac4833ce,,,,,0.18,,,7.584958791732788,69,0.0022784999999999997,0
closed-book,874d36fe-1ecb-4d2d-8bc1-bbffafb1f977,,,,,0.0,,,10.266502857208252,90,0.0045449999999999996,0
closed-book,7ae1a685-d3a9-4c0a-819e-839ae61fd093,,,,,0.0,,,10.808995485305786,79,0.004611,0
closed-book,83a8cae4-6b9f-4b10-bb7e-88289390bcab,,,,,0.36,,,7.19722843170166,65,0.0025875,0
closed-book,5eed51cd-55da-4aac-b77a-44e50a6018a4,,,,,0.0,,,10.317274570465088,103,0.004392,0
closed-book,1eb360e6-cbe4-4de4-b419-b01ac50325a0,,,,,0.47,,,8.1061692237854,101,0.0034515,0
closed-book,ba6113f3-d0b8-4192-a17a-d1e69283db08,,,,,0.25,,,13.294840097427368,116,0.0053265,0
closed-book,f267bb84-ee5d-4e07-97c1-87d9967f9a20,,,,,0.3,,,11.816931962966919,121,0.0048915,0
closed-book,3fcb7a72-4ae1-4ed3-9114-ad5aa99a4d87,,,,,0.0,,,13.638859987258911,101,0.005423999999999999,0
closed-book,c8d473e3-ed87-4105-bc51-c19a9457ccd1,,,,,0.0,,,18.756637811660767,123,0.009477000000000001,0
closed-book,138ea29e-52d8-4844-9a16-a577fef42606,,,,,0.15,,,16.983402013778687,70,0.006840000000000001,0
closed-book,fa999f46-f122-424f-b1d0-1ad284ef03f5,,,,,0.14,,,10.284225225448608,64,0.004108499999999999,0
closed-book,04e9ba53-8f3e-4445-84b1-22cf37824f95,,,,,0.0,,,8.484113454818726,69,0.003456,0
closed-book,c9742d52-344f-4363-b151-e981bb5d81f1,,,,,0.0,,,9.517617464065552,73,0.004137000000000001,0
closed-book,3397ae7a-cad6-4331-b744-968656e3a8f7,,,,,0.0,,,9.15006709098816,85,0.00315,0
closed-book,146dcb12-96c7-404d-b90a-e04073bd25dd,,,,,0.31,,,10.933586835861206,81,0.0039239999999999995,0
closed-book,70ca5178-6463-4fc4-8919-ff68db5676af,,,,,0.0,,,9.085548639297485,65,0.0031425,0
closed-book,01948953-7d5b-4e53-9e6b-f7ef6b8630dc,,,,,0.11,,,13.332252025604248,84,0.006171,0
closed-book,ae780d4a-85bd-41ae-8a75-ce9bff08a2fc,,,,,0.0,,,10.120242595672607,78,0.0035594999999999997,0
closed-book,03608046-2bc3-4e78-8658-927b9937b474,,,,,0.2,,,10.144219398498535,60,0.0040349999999999995,0
closed-book,87fb88a5-8638-497e-9ecb-6a1a2f18fc92,,,,,0.0,,,9.455309391021729,83,0.003837,0
closed-book,cc801098-eeb8-44fa-9191-7ee21cb9db6e,,,,,0.36,,,8.386975765228271,88,0.0031245,0
